专区,品牌编号,品牌名称,优惠券名称,优惠金额,满减门槛,优惠描述,券类型,使用限制,总数量,已领取
精选,,,9.9自营免邮券丨京东快递,9,9.9,满9.9减9,freight,nolimit,0,12899
精选,,,50元面板定制商品券,50,100,满100减50,product,nolimit,0,1909
精选,,,30元面板定制新人专享优惠券,30,0,30元,product,nolimit,0,2582
精选,,,200元运费券 | BOM下单专享,200,5000,满5000减200,freight,nolimit,4000,1952
精选,,,8元BOM首单运费券,8,10,满10减8,freight,nolimit,5000,2286
精选,,,海外代购TI.COM渠道优惠券,1000,30000,满30000减1000,product,nolimit,0,1205
精选,,,海外代购TI.COM渠道优惠券,450,15000,满15000减450,product,nolimit,0,1184
精选,,,300元海外代购券,300,20000,满20000减300,product,nolimit,0,2858
精选,,,200元合作库存专属商品券,200,20000,满20000减200,product,nolimit,4000,446
精选,,,海外代购TI.COM渠道优惠券,150,5000,满5000减150,product,nolimit,0,1152
精选,,,100元合作库存专属商品券,100,12000,满12000减100,product,nolimit,4000,467
精选,,,40元BOM首单商品券,40,100,满100减40,product,order,6000,1853
精选,,,30元BOM下单专享券,30,100,满100减30,product,order,5000,1732
精选,,,25元工业品新客首单券,25,50,满50减25,product,nolimit,4000,1264
精选,18279,JIERR(捷而瑞),15元捷而瑞品牌商品券,15,16,满16减15,product,order,6000,2885
样品券,15593,XYECONN(辛译),20元辛译品牌商品券,20,100,满100减20,product,order,4000,245
样品券,16617,ZGWD(温达电子),20元温达电子品牌商品券,20,21,满21减20,product,order,4000,980
样品券,15179,AGMSEMI(芯控源),20元芯控源品牌商品券,20,100,满100减20,product,order,4000,219
样品券,18554,JLYE(晶力源),20元晶力源品牌商品券,20,21,满21减20,product,order,4000,1022
样品券,13447,康深,20元康深品牌商品券,20,200,满200减20,product,order,3000,212
样品券,419,JDTfuse(集电通),20元集电通品牌商品券,20,21,满21减20,product,order,4000,1084
样品券,13495,JARSON(伽盛),20元伽盛品牌商品券,20,200,满200减20,product,order,4000,184
样品券,12689,CBI(创基),<品牌新人>20元创基品牌商品券,20,21,满21减20,product,order,4000,581
样品券,12475,ZE(增益),20元增益品牌商品券,20,200,满200减20,product,order,4000,229
样品券,11630,SCTF(星通时频),20元星通时频品牌商品券,20,200,满200减20,product,order,4000,211
样品券,12518,suntek(洺太电子),20元洺太电子品牌商品券,20,100,满100减20,product,order,4000,196
样品券,12362,WIER(微尔),20元微尔品牌商品券,20,21,满21减20,product,order,2000,796
样品券,16624,JXTCONN(聚兴泰),20元聚兴泰品牌商品券,20,100,满100减20,product,order,4000,232
样品券,18673,YOUCHI(佑驰),20元佑驰品牌商品券,20,21,满21减20,product,order,4000,1042
样品券,12606,BNstar(比诺星),<品牌新人>20元比诺星品牌商品券,20,21,满21减20,product,order,4000,545
样品券,13026,DEALON(德艺隆),20元德艺隆品牌商品券,20,200,满200减20,product,order,4000,228
样品券,991,HONOR(荣誉),<品牌新人>20元荣誉品牌商品券,20,21,满21减20,product,order,4000,534
样品券,13306,YLPTEC(易川),20元易川品牌商品券,20,21,满21减20,product,order,4000,1275
样品券,18304,WALSON(万盛),20元万盛品牌商品券,20,200,满200减20,product,order,4000,264
样品券,15818,CX(长兴),20元长兴品牌商品券,20,30,满30减20,product,order,4000,109
样品券,11570,Dersonic(德尔创),20元德尔创品牌商品券,20,200,满200减20,product,order,0,70
样品券,24937,Hangyu(航昱微),20元航昱微品牌商品券,20,100,满100减20,product,order,4000,67
样品券,15352,R+O(宏嘉诚),<品牌新人>20元宏嘉诚品牌商品券,20,21,满21减20,product,order,4000,169
样品券,12164,USAKRO(美韩),20元美韩品牌商品券,20,200,满200减20,product,order,0,38
样品券,11586,HYP(鸿源精密),20元鸿源精密品牌商品券,20,500,满500减20,product,order,4000,39
样品券,18565,JMEconn(文章济美),20元文章济美品牌商品券,20,100,满100减20,product,order,0,39
样品券,12574,ROCPU Switches(台普),15元台普品牌商品券,15,16,满16减15,product,order,4000,895
样品券,11647,kinghelm(金航标),15元金航标品牌商品券,15,20,满20减15,product,order,4000,616
样品券,11687,XUNPU(讯普),15元讯普品牌商品券,15,16,满16减15,product,order,4000,1477
样品券,12006,UMaxconn(友贸),15元友贸品牌商品券,15,16,满16减15,product,order,4000,844
样品券,11478,KANGNEX(康奈克斯电气),<品牌新人>15元康奈克斯电气品牌指定类目商品券,15,16,满16减15,product,order,4000,470
样品券,11743,LGE(鲁光),15元鲁光品牌商品券,15,16,满16减15,product,order,4000,1041
样品券,15187,MAX(迈旭),15元迈旭品牌商品券,15,16,满16减15,product,order,4000,963
样品券,16607,DOINGTER(杜因特),15元杜因特品牌商品券,15,16,满16减15,product,order,4000,1023
样品券,12404,TCWIN(天成),<品牌新人>15元天成品牌商品券,15,16,满16减15,product,order,4000,427
样品券,12737,BZCN(博众电气),15元博众电气品牌商品券,15,16,满16减15,product,order,4000,822
样品券,15465,Yxcon(宇熙精密),15元宇熙精密品牌商品券,15,16,满16减15,product,order,4000,781
样品券,11549,AnBon(安邦),15元安邦品牌商品券,15,16,满16减15,product,order,4000,780
样品券,12705,Silverlight(银月光),<品牌新人>15元银月光品牌商品券,15,16,满16减15,product,order,4000,470
样品券,12245,GOODWORK(固得沃克),15元固得沃克品牌商品券,15,16,满16减15,product,order,4000,2105
样品券,12389,G-Switch(品赞),15元品赞品牌商品券,15,16,满16减15,product,order,4000,1134
样品券,15461,CTR(长泰尔电子),<品牌新人>15元长泰尔电子品牌商品券,15,30,满30减15,product,order,4000,246
样品券,11440,Sunltech(顺磁),15元顺磁品牌商品券,15,16,满16减15,product,order,4000,1106
样品券,287,YXC(扬兴晶振),<品牌新人>15元扬兴晶振品牌商品券,15,16,满16减15,product,order,4000,429
样品券,16108,BXCONN(宝讯),15元宝讯品牌商品券,15,16,满16减15,product,order,4000,905
样品券,15966,Zhongdi(众迪),15元众迪品牌商品券,15,16,满16减15,product,order,4000,725
样品券,12372,巴丁微,15元巴丁微品牌商品券,15,30,满30减15,product,order,4000,294
样品券,11438,HEXIN(禾芯微),<品牌新人>15元禾芯微品牌商品券,15,16,满16减15,product,order,4000,518
样品券,12761,WF(伟烽),15元伟烽品牌商品券,15,16,满16减15,product,order,4000,709
样品券,13318,Huixin(慧芯),<品牌新人>15元慧芯品牌商品券,15,16,满16减15,product,order,4000,534
样品券,25051,LXWCONN(连兴旺电子),15元连兴旺电子品牌商品券,15,16,满16减15,product,order,4000,839
样品券,164,MDD(辰达半导体),<品牌新人>15元MDD品牌商品券,15,16,满16减15,product,order,4000,402
样品券,12706,HTCSEMI(海天芯),15元海天芯品牌商品券,15,16,满16减15,product,order,4000,987
样品券,15954,FOLLON(富隆电子),15元富隆电子品牌商品券,15,16,满16减15,product,order,4000,868
样品券,16239,CH(创慧电子),15元创慧电子品牌商品券,15,16,满16减15,product,order,4000,1068
样品券,13046,FOJAN(富捷),15元富捷品牌商品券,15,20,满20减15,product,order,2000,846
样品券,15277,HanElectricity(瀚源),15元瀚源品牌商品券,15,16,满16减15,product,order,4000,1289
样品券,24911,Guiguang light(桂光光电),15元桂光光电品牌商品券,15,16,满16减15,product,order,4000,1021
样品券,26942,HC(华橙熊猫),15元华橙熊猫品牌指定类目商品券,15,30,满30减15,product,order,4000,451
样品券,25414,Gyunrui(云睿),15元云睿品牌商品券,15,16,满16减15,product,order,4000,778
样品券,14041,LanTu Micro(蓝图微电),15元蓝图微电品牌商品券,15,16,满16减15,product,order,4000,808
样品券,11353,SXN(顺翔诺),15元顺翔诺品牌商品券,15,16,满16减15,product,order,4000,1037
样品券,12131,Milliohm(毫欧),<品牌新人>15元毫欧品牌商品券,15,16,满16减15,product,order,4000,420
样品券,16282,Ruishen(瑞申电子),15元瑞申电子品牌商品券,15,30,满30减15,product,order,4000,286
样品券,18591,DDY(德立)/MYX(铭易轩),15元铭易轩品牌指定类目商品券,15,16,满16减15,product,order,4000,720
样品券,11601,JCHL(晶创和立),15元晶创和立品牌商品券,15,16,满16减15,product,order,1000,828
样品券,966,国星光电,<商城新人>15元国星光电品牌商品券,15,16,满16减15,product,order,4000,62
样品券,15863,ACMECON(鼎容),15元鼎容品牌商品券,15,16,满16减15,product,order,4000,870
样品券,15503,HYDZ(华宇),<品牌新人>15元华宇品牌商品券,15,16,满16减15,product,order,4000,590
样品券,12498,DMBJ(振宝佳),15元振宝佳品牌商品券,15,16,满16减15,product,order,4000,997
样品券,11597,STE(松田),15元松田品牌商品券,15,16,满16减15,product,order,4000,1016
样品券,1056,SRD(圣融达),15元圣融达品牌商品券,15,16,满16减15,product,order,4000,874
样品券,24904,chipfountain(芯涛微),15元芯涛微品牌商品券,15,16,满16减15,product,order,4000,775
样品券,24412,CCX(晁禾),15元晁禾品牌商品券,15,16,满16减15,product,order,4000,798
样品券,15768,ReSine PS(瑞鑫),15元瑞鑫品牌商品券,15,16,满16减15,product,order,4000,771
样品券,11540,SUNLIGHT(光华),15元光华品牌商品券,15,16,满16减15,product,order,4000,817
样品券,12113,yezhan(业展),15元业展品牌商品券,15,16,满16减15,product,order,4000,959
样品券,11694,Siproin(上海矽朋),15元上海矽朋品牌商品券,15,16,满16减15,product,order,4000,956
样品券,15464,LUTE(陆特),15元陆特品牌商品券,15,16,满16减15,product,order,4000,937
样品券,15762,OSEN(欧芯),15元欧芯品牌商品券,15,100,满100减15,product,order,4000,324
样品券,12581,晶扬电子,<品牌新人>15元晶扬电子品牌商品券,15,16,满16减15,product,order,4000,531
样品券,11608,Slkor(萨科微),15元萨科微品牌商品券,15,20,满20减15,product,order,4000,698
样品券,18884,HH(辉焕),15元辉焕品牌商品券,15,16,满16减15,product,order,4000,765
样品券,15309,SDAPO(达普),15元达普品牌商品券,15,30,满30减15,product,order,4000,302
样品券,23848,LCKELEC(联晟欣),15元联晟欣品牌商品券,15,16,满16减15,product,order,4000,815
样品券,15598,DIANWEI(钿威科技),15元钿威科技品牌商品券,15,16,满16减15,product,order,4000,759
样品券,15732,Full-Way(四方杰芯),15元四方杰芯品牌商品券,15,16,满16减15,product,order,4000,810
样品券,16038,Tudi(钍地半导体),15元钍地半导体品牌商品券,15,16,满16减15,product,order,4000,873
样品券,15742,cntitle(中戈泰斗),15元中戈泰斗品牌商品券,15,16,满16减15,product,order,4000,759
样品券,16226,SAMZO(三佐),15元三佐品牌商品券,15,16,满16减15,product,order,4000,1020
样品券,12089,Silicore(芯谷),15元芯谷品牌商品券,15,100,满100减15,product,order,4000,296
样品券,17325,MEGSINE(兆讯),15元兆讯品牌商品券,15,30,满30减15,product,order,4000,312
样品券,15171,WingTAT(格林柏),15元格林柏品牌商品券,15,16,满16减15,product,order,4000,783
样品券,17159,Khon(康宏电子),15元康宏电子品牌商品券,15,16,满16减15,product,order,4000,786
样品券,11735,精拓金,15元精拓金品牌商品券,15,16,满16减15,product,order,4000,873
样品券,12028,SUNGMUN(韩国星炆电子),<品牌新人>15元韩国星炆电子品牌商品券,15,16,满16减15,product,order,4000,563
样品券,11870,JILN(锦凌),<品牌新人>15元锦凌品牌商品券,15,16,满16减15,product,order,4000,484
样品券,15240,Huiyuan crystal(惠源晶工),15元惠源晶工品牌商品券,15,30,满30减15,product,order,4000,283
样品券,17201,JTD(晶泰达),15元晶泰达品牌商品券,15,16,满16减15,product,order,4000,780
样品券,12464,Starwave(思大),15元思大品牌商品券,15,16,满16减15,product,order,4000,834
样品券,12046,XTALTQ(恒晶科技),<品牌新人>15元恒晶科技品牌商品券,15,16,满16减15,product,order,4000,550
样品券,11880,MINTRON(明硕),15元明硕品牌商品券,15,16,满16减15,product,order,4000,841
样品券,16030,GODETEK(皋德科技),15元皋德科技品牌商品券,15,20,满20减15,product,order,4000,343
样品券,15548,MP(美禄科技),15元美禄科技品牌商品券,15,16,满16减15,product,order,4000,896
样品券,12635,FG(富港),15元富港品牌商品券,15,16,满16减15,product,order,4000,869
样品券,1185,MagnaChip(美格纳),15元美格纳品牌商品券,15,16,满16减15,product,order,4000,789
样品券,947,韩国韩荣,15元韩国韩荣品牌商品券,15,16,满16减15,product,order,4000,1148
样品券,12515,Hallwee(霍尔微电子),15元霍尔微电子品牌商品券,15,16,满16减15,product,order,4000,749
样品券,15372,CHIN-BAN(勤本),15元勤本品牌指定类目商品券,15,16,满16减15,product,order,3000,770
样品券,15593,XYECONN(辛译),15元辛译品牌商品券,15,16,满16减15,product,order,4000,969
样品券,12343,HEERMICR(赫尔半导体),15元赫尔半导体品牌商品券,15,16,满16减15,product,order,4000,797
样品券,12317,FTR(乔光电子),15元乔光电子品牌商品券,15,30,满30减15,product,order,4000,294
样品券,13047,HDGC(华德共创),15元华德共创品牌商品券,15,16,满16减15,product,order,4000,866
样品券,18751,深海电子,<品牌新人>15元深海电子品牌商品券,15,16,满16减15,product,order,4000,550
样品券,15271,HenryTech(恒利泰),15元恒利泰品牌商品券,15,16,满16减15,product,order,4000,803
样品券,26727,LINGQIANG(领强),15元领强品牌商品券,15,16,满16减15,product,order,4000,723
样品券,15920,LX(灵星芯微),15元灵星芯微品牌商品券,15,16,满16减15,product,order,4000,1160
样品券,15481,Dragonstate(华龙),15元华龙品牌商品券,15,16,满16减15,product,order,4000,827
样品券,851,ROQANG(容强),15元容强品牌商品券,15,20,满20减15,product,order,4000,525
样品券,12667,MSKSEMI(美森科),15元美森科品牌商品券,15,16,满16减15,product,order,4000,1651
样品券,12137,SPTECH(深圳质超),15元深圳质超品牌商品券,15,20,满20减15,product,order,4000,347
样品券,12335,WIRELESS(维尔乐思),15元维尔乐思品牌商品券,15,30,满30减15,product,order,4000,253
样品券,13369,PAKER(派克微),15元派克微品牌商品券,15,16,满16减15,product,order,4000,807
样品券,11834,HOAUC(华宇创),<品牌新人>15元华宇创品牌商品券,15,16,满16减15,product,order,4000,441
样品券,12257,Hongda(泓达),15元泓达品牌商品券,15,30,满30减15,product,order,4000,291
样品券,12546,TROQ(创捷),15元创捷品牌商品券,15,16,满16减15,product,order,4000,807
样品券,12085,Ziisor(致哲),15元致哲品牌商品券,15,50,满50减15,product,order,4000,274
样品券,1218,SOFNG(硕方),15元硕方品牌商品券,15,16,满16减15,product,order,4000,796
样品券,11537,INGHAi(赢海),<品牌新人>15元赢海品牌商品券,15,16,满16减15,product,order,4000,453
样品券,16049,Magnetsyc(元磁),<商城新人>15元元磁品牌商品券,15,16,满16减15,product,order,4000,49
样品券,17375,APSEMI(先进光),15元先进光品牌商品券,15,16,满16减15,product,order,4000,733
样品券,11854,baocheng(宝乘),15元宝乘品牌商品券,15,16,满16减15,product,order,4000,859
样品券,24398,FAUKU(高芯电子),15元高芯电子品牌商品券,15,16,满16减15,product,order,4000,766
样品券,13447,康深,15元康深品牌商品券,15,16,满16减15,product,order,4000,763
样品券,17129,HMTCONN(华明通),15元华明通品牌商品券,15,16,满16减15,product,order,4000,801
样品券,12612,SUPSiC(国晶微半导体),15元国晶微半导体品牌商品券,15,16,满16减15,product,order,4000,797
样品券,12139,Liown(里阳半导体),15元里阳半导体品牌商品券,15,16,满16减15,product,order,4000,819
样品券,15297,REASUNOS(瑞森半导体),15元瑞森半导体品牌商品券,15,20,满20减15,product,order,4000,356
样品券,13495,JARSON(伽盛),<品牌新人>15元伽盛品牌商品券,15,16,满16减15,product,order,4000,473
样品券,15765,DLL(德利),15元德利品牌商品券,15,20,满20减15,product,order,4000,373
样品券,11602,Coilank(驰兴电感),15元驰兴电感品牌商品券,15,16,满16减15,product,order,4000,922
样品券,18256,Econd(米朗电子),15元米朗电子品牌商品券,15,16,满16减15,product,order,4000,891
样品券,15818,CX(长兴),15元长兴品牌商品券,15,16,满16减15,product,order,4000,802
样品券,13175,HGC(深圳汉芯),15元深圳汉芯品牌商品券,15,16,满16减15,product,order,4000,1108
样品券,13493,Zhengxin(正芯),15元正芯品牌商品券,15,16,满16减15,product,order,4000,854
样品券,13293,saiya(赛亚),15元赛亚品牌商品券,15,30,满30减15,product,order,4000,257
样品券,16697,JBL(金比莱),15元金比莱品牌商品券,15,30,满30减15,product,order,4000,261
样品券,935,CJT(长江连接器),15元长江连接器品牌商品券,15,16,满16减15,product,order,4000,913
样品券,15584,XBLW(芯伯乐),15元芯伯乐品牌商品券,15,16,满16减15,product,order,4000,2095
样品券,12475,ZE(增益),15元增益品牌商品券,15,16,满16减15,product,order,4000,919
样品券,11948,Leiditech(雷卯电子),15元雷卯电子品牌商品券,15,16,满16减15,product,order,4000,738
样品券,11393,BORN(伯恩半导体),<品牌新人>15元伯恩半导体品牌商品券,15,16,满16减15,product,order,4000,432
样品券,11741,Hichips(智芯),<品牌新人>15元智芯品牌商品券,15,16,满16减15,product,order,4000,494
样品券,18304,WALSON(万盛),15元万盛品牌商品券,15,16,满16减15,product,order,1000,746
样品券,12270,TDPOWER(腾达电源),<商城新人>15元腾达电源品牌商品券,15,16,满16减15,product,order,4000,41
样品券,11630,SCTF(星通时频),15元星通时频品牌商品券,15,16,满16减15,product,order,4000,846
样品券,15459,JNJOPTO(强生光电),15元强生光电品牌商品券,15,16,满16减15,product,order,4000,816
样品券,11464,Yunxing(云星),<商城新人>15元云星品牌商品券,15,16,满16减15,product,order,4000,50
样品券,15555,GR(国睿),15元国睿品牌商品券,15,16,满16减15,product,order,4000,801
样品券,12165,Yuandi(元迪),15元元迪品牌商品券,15,16,满16减15,product,order,4000,829
样品券,11914,KEXIN(科信),<品牌新人>15元科信品牌商品券,15,16,满16减15,product,order,4000,462
样品券,12518,suntek(洺太电子),15元洺太电子品牌商品券,15,16,满16减15,product,order,4000,737
样品券,17409,XNRUSEMI(新锐),15元新锐品牌商品券,15,16,满16减15,product,order,4000,1036
样品券,11876,ZOEYGO(中逸光),<品牌新人>15元中逸光品牌商品券,15,16,满16减15,product,order,4000,415
样品券,18504,如般微,15元如般微品牌商品券,15,20,满20减15,product,order,4000,338
样品券,17333,QNHCHIP(乾能惠),<品牌新人>15元乾能惠品牌商品券,15,16,满16减15,product,order,4000,484
样品券,11450,HT(金誉),<商城新人>15元金誉品牌商品券,15,16,满16减15,product,order,4000,41
样品券,1117,RUILON(瑞隆源),15元瑞隆源品牌商品券,15,16,满16减15,product,order,4000,896
样品券,15538,Bossie(博锡),15元博锡品牌商品券,15,16,满16减15,product,order,4000,929
样品券,15340,Megastar(兆星),15元兆星品牌商品券,15,16,满16减15,product,order,4000,1259
样品券,13155,ABC(千如),<品牌新人>15元千如品牌商品券,15,16,满16减15,product,order,4000,475
样品券,12191,ceaiya(柯爱亚),<品牌新人>15元柯爱亚品牌指定类目商品券,15,16,满16减15,product,order,4000,424
样品券,11425,cjiang(长江微电),<品牌新人>15元长江微电品牌商品券,15,16,满16减15,product,order,4000,432
样品券,15617,jianfu(键富),15元键富品牌商品券,15,16,满16减15,product,order,4000,705
样品券,14053,hanxia(韩下),15元韩下品牌商品券,15,16,满16减15,product,order,4000,1411
样品券,11933,DreamLNK(骏晔科技),15元骏晔科技品牌商品券,15,16,满16减15,product,order,1000,759
样品券,16624,JXTCONN(聚兴泰),15元聚兴泰品牌商品券,15,16,满16减15,product,order,4000,932
样品券,12356,Vollgo(沃进),15元沃进品牌商品券,15,16,满16减15,product,order,4000,829
样品券,11964,DORABO(地博电气),15元地博电气品牌商品券,15,16,满16减15,product,order,4000,983
样品券,11739,GTL-POWER(冠图电子),<品牌新人>15元冠图电子品牌商品券,15,16,满16减15,product,order,4000,485
样品券,12025,HANBO(汉博),15元汉博品牌商品券,15,16,满16减15,product,order,4000,984
样品券,18366,Zoomdo(震东电子),15元震东电子品牌商品券,15,30,满30减15,product,order,4000,269
样品券,18832,luJing(鲁晶),15元鲁晶品牌商品券,15,30,满30减15,product,order,4000,289
样品券,13712,RealChip(正芯半导体),<品牌新人>15元正芯半导体品牌商品券,15,16,满16减15,product,order,4000,475
样品券,13455,EVERCOM(恒连),15元恒连品牌商品券,15,16,满16减15,product,order,4000,690
样品券,12175,BAT WIRELESS(蝙蝠无线),15元蝙蝠无线品牌商品券,15,16,满16减15,product,order,4000,931
样品券,13426,ARK(方舟微),15元方舟微品牌商品券,15,16,满16减15,product,order,4000,732
样品券,15349,WXNSIC(国硅集成),15元国硅集成品牌商品券,15,16,满16减15,product,order,4000,727
样品券,15462,ISOMICRON(安芯微半导体),15元安芯微半导体品牌商品券,15,16,满16减15,product,order,4000,724
样品券,1250,worldsemi,15元worldsemi品牌商品券,15,16,满16减15,product,order,4000,857
样品券,25186,SHETIME(高钺达),15元高钺达品牌商品券,15,16,满16减15,product,order,4000,726
样品券,15267,XR(祥如),15元祥如品牌商品券,15,16,满16减15,product,order,4000,1053
样品券,12685,SOREDE(索瑞达),15元索瑞达品牌商品券,15,16,满16减15,product,order,4000,816
样品券,825,ZHHXDZ(海芯电子),15元海芯电子品牌商品券,15,30,满30减15,product,order,4000,299
样品券,12535,LEADER(立得),<品牌新人>15元立得品牌商品券,15,16,满16减15,product,order,4000,467
样品券,12572,SM Switch,15元SM Switch品牌商品券,15,16,满16减15,product,order,4000,771
样品券,12099,Chinocera(华瓷),<商城新人>15元华瓷品牌商品券,15,16,满16减15,product,order,4000,83
样品券,12130,XFCN(兴飞),15元兴飞品牌商品券,15,16,满16减15,product,order,4000,1463
样品券,12072,PROD(谱罗德),15元谱罗德品牌商品券,15,16,满16减15,product,order,4000,936
样品券,17395,Waferbest(匠芯微),15元匠芯微品牌商品券,15,16,满16减15,product,order,4000,717
样品券,13026,DEALON(德艺隆),<品牌新人>15元德艺隆品牌商品券,15,16,满16减15,product,order,4000,461
样品券,14048,MOT(仁懋),15元仁懋品牌商品券,15,16,满16减15,product,order,4000,978
样品券,11999,UNI-SEMIC(宇力半导体),15元宇力半导体品牌商品券,15,16,满16减15,product,order,4000,756
样品券,17425,SHENGYANG(升阳),15元升阳品牌商品券,15,16,满16减15,product,order,4000,851
样品券,11947,JGHC(晶光华),<品牌新人>15元晶光华品牌商品券,15,16,满16减15,product,order,4000,380
样品券,12353,CAX(创都),15元创都品牌商品券,15,16,满16减15,product,order,4000,853
样品券,943,ECE(百容),15元百容品牌商品券,15,30,满30减15,product,order,4000,276
样品券,462,台湾陆海,15元台湾陆海品牌商品券,15,16,满16减15,product,order,1000,811
样品券,17208,Nyfea(徕飞),15元徕飞品牌商品券,15,16,满16减15,product,order,4000,800
样品券,12424,BHFUSE(佰宏),15元佰宏品牌商品券,15,16,满16减15,product,order,4000,880
样品券,12247,SURGING(绍鑫),15元绍鑫品牌商品券,15,16,满16减15,product,order,4000,723
样品券,13024,KUU,<品牌新人>15元KUU品牌商品券,15,16,满16减15,product,order,4000,418
样品券,12731,Mysentech(敏源传感),15元敏源传感品牌商品券,15,16,满16减15,product,order,4000,773
样品券,1262,Ckmtw(灿科盟),<品牌新人>15元灿科盟品牌商品券,15,16,满16减15,product,order,4000,879
样品券,1181,YJX(雅晶鑫),15元雅晶鑫品牌指定类目商品券,15,16,满16减15,product,order,4000,924
样品券,12454,众驰电子,<品牌新人>15元众驰电子品牌商品券,15,16,满16减15,product,order,4000,528
样品券,15325,GOSEMICON(顾邦半导体),15元顾邦半导体品牌商品券,15,20,满20减15,product,order,4000,357
样品券,13168,HRK(鸿瑞凯电子),<品牌新人>15元鸿瑞凯电子品牌商品券,15,16,满16减15,product,order,4000,398
样品券,11681,GN(旌芯半导体),15元旌芯半导体品牌商品券,15,16,满16减15,product,order,4000,736
样品券,12303,HD(浩都频率),<品牌新人>15元浩都频率品牌商品券,15,16,满16减15,product,order,4000,456
样品券,15280,APV(爱普微),15元爱普微品牌商品券,15,16,满16减15,product,order,4000,1035
样品券,13273,XCH(旭昌辉),15元旭昌辉品牌商品券,15,16,满16减15,product,order,4000,1013
样品券,11439,HKT(合科泰),15元合科泰品牌商品券,15,16,满16减15,product,order,4000,925
样品券,12406,FUXINSEMI(富芯森美),15元富芯森美品牌商品券,15,16,满16减15,product,order,4000,970
样品券,15272,Forsinve(福芯微),15元福芯微品牌商品券,15,16,满16减15,product,order,4000,745
样品券,12313,JSMSEMI(杰盛微),15元杰盛微品牌商品券,15,16,满16减15,product,order,4000,2370
样品券,12021,CND-tek(磁联达),15元磁联达品牌商品券,15,16,满16减15,product,order,4000,846
样品券,12547,TFSS(德律风根),15元德律风根品牌商品券,15,16,满16减15,product,order,4000,699
样品券,11941,TPOWER(天源),15元天源品牌商品券,15,16,满16减15,product,order,4000,744
样品券,11954,JETEKPS(健特),<品牌新人>15元健特品牌商品券,15,16,满16减15,product,order,4000,468
样品券,15752,LKWIC(瓴科微),15元瓴科微品牌商品券,15,30,满30减15,product,order,4000,286
样品券,12469,XINGLIGHT(成兴光),15元成兴光品牌商品券,15,16,满16减15,product,order,4000,1242
样品券,12133,NYBOXING(尼博星),15元尼博星品牌商品券,15,16,满16减15,product,order,4000,739
样品券,12510,YFW(佑风微),<品牌新人>15元佑风微品牌商品券,15,16,满16减15,product,order,4000,387
样品券,13178,TDD(台冠电子),15元台冠电子品牌商品券,15,16,满16减15,product,order,4000,735
样品券,15356,NH(纽航),15元纽航品牌商品券,15,16,满16减15,product,order,4000,811
样品券,13374,JUXING(钜兴),15元钜兴品牌商品券,15,16,满16减15,product,order,4000,844
样品券,16031,XUMAO(旭茂微),15元旭茂微品牌商品券,15,16,满16减15,product,order,4000,773
样品券,12297,TUOZHAN(拓展光电),15元拓展光电品牌商品券,15,16,满16减15,product,order,4000,1043
样品券,12580,欧思科光电,15元欧思科光电品牌商品券,15,16,满16减15,product,order,1200,404
样品券,12329,Amicc(欧密格光电),15元欧密格光电品牌商品券,15,20,满20减15,product,order,4000,356
样品券,12177,Semiment(赛卓),15元赛卓品牌商品券,15,23,满23减15,product,order,4000,289
样品券,15921,MiRelay(米高莱),15元米高莱品牌商品券,15,20,满20减15,product,order,4000,297
样品券,15934,QLRELAY,15元QLRELAY品牌商品券,15,20,满20减15,product,order,4000,332
样品券,11934,COILMX(迈翔科技),<品牌新人>15元迈翔科技品牌商品券,15,16,满16减15,product,order,4000,493
样品券,13136,FC(方成),15元方成品牌商品券,15,100,满100减15,product,order,4000,250
样品券,1195,SUNMATE(森美特),<品牌新人>15元森美特品牌商品券,15,16,满16减15,product,order,4000,424
样品券,12354,JWD(经纬达),15元经纬达品牌商品券,15,30,满30减15,product,order,4000,262
样品券,1138,SHIKUES(时科),<品牌新人>15元时科品牌商品券,15,16,满16减15,product,order,4000,615
样品券,12658,Silicontra(硅传科技),15元硅传科技品牌商品券,15,30,满30减15,product,order,4000,281
样品券,11837,YJYCOIN(益嘉源),<品牌新人>15元益嘉源品牌商品券,15,16,满16减15,product,order,4000,416
样品券,11541,TOGIALED(统佳),15元统佳品牌商品券,15,16,满16减15,product,order,4000,849
样品券,15783,AOTE(奥特),15元奥特品牌商品券,15,16,满16减15,product,order,4000,1724
样品券,16616,Hengtuo(恒拓电子),15元恒拓电子品牌商品券,15,20,满20减15,product,order,4000,818
样品券,11696,TKD(泰晶),15元泰晶品牌商品券,15,16,满16减15,product,order,4000,755
样品券,25253,Zhongke Wireless(中科无线),15元中科无线品牌商品券,15,16,满16减15,product,order,4000,754
样品券,365,MetalLions(美铼),<商城新人>15元美铼品牌商品券,15,16,满16减15,product,order,4000,44
样品券,12351,KOHERelec(科或),15元科或品牌商品券,15,16,满16减15,product,order,4000,757
样品券,12450,HYHONGYEX(宏业),<品牌新人>15元宏业品牌商品券,15,16,满16减15,product,order,1000,483
样品券,12341,CRC(创容),15元创容品牌商品券,15,16,满16减15,product,order,4000,738
样品券,11869,CENKER(岑科),15元岑科品牌商品券,15,20,满20减15,product,order,4000,357
样品券,349,JS(钜硕电子),15元钜硕电子品牌商品券,15,16,满16减15,product,order,4000,1012
样品券,15941,Guangcai Display(光彩显示),15元光彩显示品牌商品券,15,16,满16减15,product,order,1000,796
样品券,12428,DEXU(德旭电子),15元德旭电子品牌商品券,15,16,满16减15,product,order,4000,787
样品券,13181,SOSET(索斯特),<商城新人>15元索斯特品牌指定类目商品券,15,30,满30减15,product,order,4000,22
样品券,12425,VISOM,15元VISOM品牌商品券,15,16,满16减15,product,order,4000,716
样品券,16599,coileasy(线易),15元线易品牌商品券,15,16,满16减15,product,order,4000,759
样品券,941,WINSOK(微硕),15元微硕品牌指定类目商品券,15,16,满16减15,product,order,4000,929
样品券,12376,TWGMC(迪嘉),15元迪嘉品牌商品券,15,16,满16减15,product,order,4000,1074
样品券,12579,NJGW(南京国微),15元南京国微品牌商品券,15,20,满20减15,product,order,4000,368
样品券,11995,LR(朗瑞),<品牌新人>15元朗瑞品牌商品券,15,16,满16减15,product,order,4000,451
样品券,12241,TECH PUBLIC(台舟),15元台舟品牌商品券,15,16,满16减15,product,order,4000,1582
样品券,12202,JYJE(晶友嘉),15元晶友嘉品牌商品券,15,16,满16减15,product,order,4000,763
样品券,857,EG(屹晶微),<商城新人>15元屹晶微品牌商品券,15,16,满16减15,product,order,4000,46
样品券,11898,KYX(凯越翔),15元凯越翔品牌商品券,15,16,满16减15,product,order,4000,794
样品券,15257,Lucki(蓝晶),<品牌新人>15元蓝晶品牌商品券,15,16,满16减15,product,order,4000,447
样品券,18721,GMIC(绿微),15元绿微品牌商品券,15,16,满16减15,product,order,0,274
样品券,13025,YONGYUTAI(永裕泰),<品牌新人>15元永裕泰品牌首单商品券,15,16,满16减15,product,order,4000,118
样品券,11570,Dersonic(德尔创),15元德尔创品牌商品券,15,16,满16减15,product,order,0,312
样品券,18552,BAOTER(宝特),15元宝特品牌商品券,15,16,满16减15,product,order,0,254
样品券,16013,MyAntenna(摩天射频),15元摩天射频品牌商品券,15,16,满16减15,product,order,4000,232
样品券,24937,Hangyu(航昱微),15元航昱微品牌商品券,15,16,满16减15,product,order,4000,230
样品券,15786,Lewa Micro(乐瓦微电子),15元乐瓦微电子品牌商品券,15,16,满16减15,product,order,4000,245
样品券,15302,LinkMems(聆麦声学),<品牌新人>15元聆麦声学品牌商品券,15,16,满16减15,product,order,4000,140
样品券,12162,Consensic(康森斯克),15元康森斯克品牌商品券,15,16,满16减15,product,order,4000,221
样品券,1207,everanalog(申风),<品牌新人>15元申风品牌商品券,15,16,满16减15,product,order,4000,145
样品券,15535,XUNDA(讯答),15元讯答品牌商品券,15,16,满16减15,product,order,4000,254
样品券,11758,XDS(芯鼎盛),15元芯鼎盛品牌商品券,15,16,满16减15,product,order,4000,276
样品券,16094,TDSEMIC(拓电半导体),<品牌新人>15元拓电半导体品牌商品券,15,16,满16减15,product,order,4000,132
样品券,14038,ElecSuper(静芯),15元静芯品牌商品券,15,16,满16减15,product,order,4000,365
样品券,11853,UMW(友台半导体),15元友台半导体品牌商品券,15,16,满16减15,product,order,4000,860
样品券,15592,KTP(科泰普),15元科泰普品牌商品券,15,16,满16减15,product,order,0,468
样品券,16222,SiChange(芯昌科技),15元芯昌科技品牌商品券,15,16,满16减15,product,order,1000,243
样品券,11913,AKER(安碁科技),15元安碁科技品牌商品券,15,16,满16减15,product,order,4000,227
样品券,13045,FOSAN(富捷/富信),15元富信品牌商品券,15,16,满16减15,product,order,4000,164
样品券,18864,xinyijing technology(鑫亿晶科技),15元鑫亿晶科技品牌指定类目商品券,15,16,满16减15,product,order,0,128
样品券,12047,HCI(杭晶),15元杭晶品牌商品券,15,16,满16减15,product,order,4000,203
样品券,16268,同晶,<品牌新人>15元同晶品牌指定类目商品券,15,16,满16减15,product,order,0,79
样品券,11586,HYP(鸿源精密),<商城新人>15元鸿源精密品牌商品券,15,16,满16减15,product,order,1000,8
样品券,24427,GUOCONN(国连),15元国连品牌商品券,15,16,满16减15,product,order,4000,158
样品券,16251,Existar(毅芯达),<品牌新人>15元毅芯达品牌商品券,15,16,满16减15,product,order,4000,72
样品券,12732,HCTL(华灿天禄),15元华灿天禄品牌商品券,15,16,满16减15,product,order,0,323
样品券,15466,LX(连欣科技),<品牌新人>15元连欣科技品牌商品券,15,16,满16减15,product,order,3000,72
样品券,11722,XKB Connection(中国星坤),<商城新人>15元中国星坤品牌指定类目商品券,15,16,满16减15,product,order,0,12
样品券,11866,GDHUIZHI(汇智),15元汇智品牌商品券,15,16,满16减15,product,order,4000,158
样品券,15355,HUAXIN(华昕),15元华昕品牌商品券,15,16,满16减15,product,order,0,11
样品券,,,6月~ 8月面板免费打样券,70,0,70元,product,nolimit,0,6745
样品券,15277,HanElectricity(瀚源),10元瀚源品牌运费券,10,500,满500减10,freight,nolimit,4000,282
样品券,13293,saiya(赛亚),10元赛亚品牌运费券,10,100,满100减10,freight,nolimit,4000,235
样品券,12247,SURGING(绍鑫),10元绍鑫品牌运费券,10,100,满100减10,freight,nolimit,4000,234
样品券,15584,XBLW(芯伯乐),9元芯伯乐品牌运费券,9,50,满50减9,freight,nolimit,4000,290
样品券,15280,APV(爱普微),9元爱普微品牌运费券,9,55,满55减9,freight,nolimit,4000,277
样品券,18721,GMIC(绿微),9元绿微品牌运费券,9,50,满50减9,freight,nolimit,4000,240
样品券,12574,ROCPU Switches(台普),8元台普品牌运费券,8,58,满58减8,freight,nolimit,4000,229
样品券,12245,GOODWORK(固得沃克),8元固得沃克品牌运费券,8,88,满88减8,freight,nolimit,4000,359
样品券,12389,G-Switch(品赞),8元品赞品牌运费券,8,88,满88减8,freight,nolimit,4000,285
样品券,13437,HXY MOSFET(华轩阳电子),8元华轩阳电子品牌运费券,8,88,满88减8,freight,nolimit,4000,359
样品券,11687,XUNPU(讯普),8元讯普品牌运费券,8,88,满88减8,freight,nolimit,4000,347
样品券,17129,HMTCONN(华明通),8元华明通品牌运费券,8,88,满88减8,freight,nolimit,4000,225
样品券,15593,XYECONN(辛译),8元辛译品牌运费券,8,88,满88减8,freight,nolimit,4000,246
样品券,16108,BXCONN(宝讯),7元宝讯品牌运费券,7,100,满100减7,freight,nolimit,4000,243
样品券,13447,康深,7元康深品牌运费券,7,500,满500减7,freight,nolimit,4000,210
样品券,15464,LUTE(陆特),6元陆特品牌运费券,6,10,满10减6,freight,nolimit,4000,405
样品券,11647,kinghelm(金航标),6元金航标品牌运费券,6,100,满100减6,freight,nolimit,4000,286
样品券,14053,hanxia(韩下),6元韩下品牌运费券,6,20,满20减6,freight,nolimit,4000,407
样品券,11955,SHOU HAN(首韩),6元首韩品牌运费券,6,30,满30减6,freight,nolimit,4000,474
样品券,16624,JXTCONN(聚兴泰),6元聚兴泰品牌运费券,6,50,满50减6,freight,nolimit,4000,256
样品券,26942,HC(华橙熊猫),6元华橙熊猫品牌运费券,6,50,满50减6,freight,nolimit,4000,312
样品券,164,MDD(辰达半导体),指定物料专属9折券,0,6,0元,discount,order,4000,275
样品券,11537,INGHAi(赢海),赢海品牌9.5折折扣券,0,500,0元,discount,order,4000,206
样品券,,,400元合作库存专属商品券,400,30000,满30000减400,product,nolimit,4000,194
样品券,15376,HC(虹成电子),200元虹成电子品牌商品券,200,1000,满1000减200,product,order,4000,222
样品券,11687,XUNPU(讯普),188元讯普品牌商品券,188,2000,满2000减188,product,order,4000,252
样品券,11729,Legion(六钧),150元六钧品牌商品券,150,500,满500减150,product,order,4000,175
样品券,11587,HOOYA(皓宇电子),150元皓宇电子品牌商品券,150,500,满500减150,product,order,4000,177
样品券,13046,FOJAN(富捷),150元富捷品牌商品券,150,1000,满1000减150,product,order,4000,680
样品券,11425,cjiang(长江微电),150元长江微电品牌商品券,150,1000,满1000减150,product,order,4000,278
样品券,1195,SUNMATE(森美特),150元森美特品牌商品券,150,1000,满1000减150,product,order,4000,188
样品券,11837,YJYCOIN(益嘉源),150元益嘉源品牌商品券,150,1000,满1000减150,product,order,4000,231
样品券,11758,XDS(芯鼎盛),150元芯鼎盛品牌商品券,150,1000,满1000减150,product,order,4000,69
样品券,15309,SDAPO(达普),120元达普品牌商品券,120,2000,满2000减120,product,order,4000,181
样品券,851,ROQANG(容强),120元容强品牌商品券,120,1000,满1000减120,product,order,4000,252
样品券,11681,GN(旌芯半导体),120元旌芯半导体品牌商品券,120,1000,满1000减120,product,order,4000,182
样品券,349,JS(钜硕电子),120元钜硕电子品牌商品券,120,1000,满1000减120,product,order,4000,234
样品券,11647,kinghelm(金航标),100元金航标品牌商品券,100,1000,满1000减100,product,order,4000,209
样品券,16607,DOINGTER(杜因特),100元杜因特品牌商品券,100,1000,满1000减100,product,order,4000,177
样品券,12389,G-Switch(品赞),100元品赞品牌商品券,100,1000,满1000减100,product,order,4000,203
样品券,18279,JIERR(捷而瑞),100元捷而瑞品牌商品券,100,1000,满1000减100,product,order,4000,271
样品券,15342,SILION(芯联创展),100元芯联创展品牌商品券,100,1000,满1000减100,product,order,1000,163
样品券,11353,SXN(顺翔诺),100元顺翔诺品牌商品券,100,1000,满1000减100,product,order,4000,209
样品券,11761,RESI(开步睿思),100元开步睿思品牌商品券,100,1000,满1000减100,product,order,4000,195
样品券,1056,SRD(圣融达),100元圣融达品牌商品券,100,1000,满1000减100,product,order,4000,181
样品券,11608,Slkor(萨科微),100元萨科微品牌商品券,100,1000,满1000减100,product,order,4000,231
样品券,1218,SOFNG(硕方),100元硕方品牌商品券,100,1000,满1000减100,product,order,4000,180
样品券,24095,DDF(鼎德丰),100元鼎德丰品牌商品券,100,1000,满1000减100,product,order,4000,173
样品券,16617,ZGWD(温达电子),100元温达电子品牌商品券,100,1000,满1000减100,product,order,4000,172
样品券,12241,TECH PUBLIC(台舟),100元台舟品牌商品券,100,1000,满1000减100,product,order,4000,277
样品券,15765,DLL(德利),100元德利品牌商品券,100,1000,满1000减100,product,order,4000,187
样品券,15359,HeYangTek(扬贺扬),100元扬贺扬品牌商品券,100,1000,满1000减100,product,order,4000,169
样品券,12689,CBI(创基),100元创基品牌商品券,100,1000,满1000减100,product,order,4000,177
样品券,11393,BORN(伯恩半导体),100元伯恩半导体品牌商品券,100,1000,满1000减100,product,order,4000,232
样品券,12175,BAT WIRELESS(蝙蝠无线),100元蝙蝠无线品牌商品券,100,1000,满1000减100,product,order,4000,201
样品券,15280,APV(爱普微),100元爱普微品牌商品券,100,300,满300减100,product,order,4000,229
样品券,15272,Forsinve(福芯微),100元福芯微品牌商品券,100,1000,满1000减100,product,order,4000,171
样品券,12313,JSMSEMI(杰盛微),100元杰盛微品牌商品券,100,1000,满1000减100,product,order,4000,320
样品券,12021,CND-tek(磁联达),100元磁联达品牌商品券,100,1000,满1000减100,product,order,4000,188
样品券,13374,JUXING(钜兴),100元钜兴品牌商品券,100,500,满500减100,product,order,4000,206
样品券,15945,Siliup(矽普),100元矽普品牌商品券,100,1000,满1000减100,product,order,4000,189
样品券,941,WINSOK(微硕),100元微硕品牌指定类目商品券,100,300,满300减100,product,order,4000,190
样品券,15922,Megain(美佳音),100元美佳音品牌商品券,100,2000,满2000减100,product,order,0,61
样品券,16013,MyAntenna(摩天射频),100元摩天射频品牌商品券,100,1000,满1000减100,product,order,4000,61
样品券,24933,vanxoak(万象奥科),<品牌新人>100元万象奥科品牌商品券,100,500,满500减100,product,order,4000,53
样品券,15352,R+O(宏嘉诚),100元宏嘉诚品牌商品券,100,1000,满1000减100,product,order,4000,141
样品券,13045,FOSAN(富捷/富信),100元富信品牌商品券,100,1000,满1000减100,product,order,4000,42
样品券,12732,HCTL(华灿天禄),100元华灿天禄品牌商品券,100,1000,满1000减100,product,order,4000,55
样品券,11440,Sunltech(顺磁),80元顺磁品牌商品券,80,1000,满1000减80,product,order,4000,202
样品券,13431,Sencoch(芯感智),80元芯感智品牌商品券,80,500,满500减80,product,order,4000,179
样品券,15459,JNJOPTO(强生光电),80元强生光电品牌商品券,80,1000,满1000减80,product,order,1000,175
样品券,11464,Yunxing(云星),<商城新人>80元云星品牌商品券,80,1000,满1000减80,product,order,4000,21
样品券,15267,XR(祥如),80元祥如品牌商品券,80,300,满300减80,product,order,4000,213
样品券,16222,SiChange(芯昌科技),80元芯昌科技品牌商品券,80,1000,满1000减80,product,order,1000,62
样品券,12581,晶扬电子,60元晶扬电子品牌商品券,60,300,满300减60,product,order,4000,189
样品券,11735,精拓金,60元精拓金品牌商品券,60,1000,满1000减60,product,order,4000,186
样品券,947,韩国韩荣,60元韩国韩荣品牌商品券,60,500,满500减60,product,order,4000,240
样品券,13136,FC(方成),60元方成品牌商品券,60,600,满600减60,product,order,4000,178
样品券,12574,ROCPU Switches(台普),50元台普品牌商品券,50,200,满200减50,product,order,4000,182
样品券,12229,dosinconn(德索五金),50元德索五金品牌商品券,50,500,满500减50,product,order,4000,162
样品券,12245,GOODWORK(固得沃克),50元固得沃克品牌商品券,50,200,满200减50,product,order,4000,330
样品券,13437,HXY MOSFET(华轩阳电子),50元华轩阳电子品牌商品券,50,200,满200减50,product,order,4000,297
样品券,11438,HEXIN(禾芯微),50元禾芯微品牌商品券,50,500,满500减50,product,order,4000,160
样品券,12761,WF(伟烽),50元伟烽品牌商品券,50,300,满300减50,product,order,4000,160
样品券,164,MDD(辰达半导体),50元MDD品牌商品券,50,500,满500减50,product,order,4000,289
样品券,15954,FOLLON(富隆电子),50元富隆电子品牌商品券,50,200,满200减50,product,order,4000,186
样品券,18721,GMIC(绿微),50元绿微品牌商品券,50,500,满500减50,product,order,4000,168
样品券,12131,Milliohm(毫欧),50元毫欧品牌商品券,50,500,满500减50,product,order,4000,230
样品券,13141,DDY(德立),50元德立品牌商品券,50,300,满300减50,product,order,4000,170
样品券,11761,RESI(开步睿思),50元开步睿思品牌商品券,50,500,满500减50,product,order,4000,195
样品券,966,国星光电,50元国星光电品牌商品券,50,200,满200减50,product,order,4000,243
样品券,12498,DMBJ(振宝佳),50元振宝佳品牌商品券,50,300,满300减50,product,order,4000,196
样品券,11597,STE(松田),50元松田品牌商品券,50,300,满300减50,product,order,4000,209
样品券,15464,LUTE(陆特),50元陆特品牌商品券,50,200,满200减50,product,order,4000,225
样品券,15171,WingTAT(格林柏),50元格林柏品牌商品券,50,500,满500减50,product,order,4000,181
样品券,12464,Starwave(思大),50元思大品牌商品券,50,500,满500减50,product,order,4000,173
样品券,12046,XTALTQ(恒晶科技),50元恒晶科技品牌商品券,50,500,满500减50,product,order,4000,179
样品券,12343,HEERMICR(赫尔半导体),50元赫尔半导体品牌商品券,50,200,满200减50,product,order,4000,196
样品券,12317,FTR(乔光电子),50元乔光电子品牌商品券,50,1000,满1000减50,product,order,4000,177
样品券,15271,HenryTech(恒利泰),50元恒利泰品牌商品券,50,200,满200减50,product,order,4000,209
样品券,24095,DDF(鼎德丰),50元鼎德丰品牌商品券,50,500,满500减50,product,order,4000,175
样品券,15179,AGMSEMI(芯控源),50元芯控源品牌商品券,50,500,满500减50,product,order,4000,177
样品券,12667,MSKSEMI(美森科),50元美森科品牌商品券,50,500,满500减50,product,order,4000,302
样品券,11854,baocheng(宝乘),50元宝乘品牌商品券,50,200,满200减50,product,order,4000,205
样品券,24398,FAUKU(高芯电子),50元高芯电子品牌商品券,50,200,满200减50,product,order,4000,198
样品券,419,JDTfuse(集电通),50元集电通品牌商品券,50,200,满200减50,product,order,4000,221
样品券,1117,RUILON(瑞隆源),50元瑞隆源品牌商品券,50,500,满500减50,product,order,4000,217
样品券,12612,SUPSiC(国晶微半导体),50元国晶微半导体品牌商品券,50,500,满500减50,product,order,4000,181
样品券,11602,Coilank(驰兴电感),50元驰兴电感品牌商品券,50,200,满200减50,product,order,4000,220
样品券,18256,Econd(米朗电子),50元米朗电子品牌商品券,50,200,满200减50,product,order,4000,204
样品券,11883,S&S(海旭),50元海旭品牌商品券,50,1000,满1000减50,product,order,4000,170
样品券,15584,XBLW(芯伯乐),50元芯伯乐品牌商品券,50,500,满500减50,product,order,4000,214
样品券,15538,Bossie(博锡),50元博锡品牌商品券,50,500,满500减50,product,order,4000,194
样品券,15340,Megastar(兆星),50元兆星品牌商品券,50,500,满500减50,product,order,4000,244
样品券,11964,DORABO(地博电气),50元地博电气品牌商品券,50,300,满300减50,product,order,4000,217
样品券,12025,HANBO(汉博),50元汉博品牌商品券,50,500,满500减50,product,order,4000,204
样品券,12606,BNstar(比诺星),50元比诺星品牌商品券,50,200,满200减50,product,order,4000,191
样品券,12247,SURGING(绍鑫),50元绍鑫品牌商品券,50,500,满500减50,product,order,4000,176
样品券,11947,JGHC(晶光华),50元晶光华品牌商品券,50,500,满500减50,product,order,4000,187
样品券,12353,CAX(创都),50元创都品牌商品券,50,500,满500减50,product,order,4000,192
样品券,17208,Nyfea(徕飞),50元徕飞品牌商品券,50,200,满200减50,product,order,4000,207
样品券,12424,BHFUSE(佰宏),50元佰宏品牌商品券,50,500,满500减50,product,order,4000,238
样品券,1181,YJX(雅晶鑫),50元雅晶鑫品牌指定类目商品券,50,500,满500减50,product,order,4000,214
样品券,12454,众驰电子,50元众驰电子品牌商品券,50,200,满200减50,product,order,4000,207
样品券,991,HONOR(荣誉),50元荣誉品牌商品券,50,200,满200减50,product,order,4000,230
样品券,11439,HKT(合科泰),50元合科泰品牌商品券,50,500,满500减50,product,order,4000,213
样品券,12406,FUXINSEMI(富芯森美),50元富芯森美品牌商品券,50,500,满500减50,product,order,4000,224
样品券,11954,JETEKPS(健特),50元健特品牌商品券,50,300,满300减50,product,order,4000,182
样品券,12469,XINGLIGHT(成兴光),50元成兴光品牌商品券,50,500,满500减50,product,order,4000,259
样品券,12510,YFW(佑风微),50元佑风微品牌商品券,50,500,满500减50,product,order,4000,202
样品券,15356,NH(纽航),50元纽航品牌商品券,50,500,满500减50,product,order,4000,185
样品券,12297,TUOZHAN(拓展光电),50元拓展光电品牌商品券,50,500,满500减50,product,order,4000,206
样品券,12329,Amicc(欧密格光电),50元欧密格光电品牌商品券,50,300,满300减50,product,order,4000,190
样品券,11541,TOGIALED(统佳),50元统佳品牌商品券,50,200,满200减50,product,order,4000,214
样品券,15783,AOTE(奥特),50元奥特品牌商品券,50,500,满500减50,product,order,4000,196
样品券,16616,Hengtuo(恒拓电子),50元恒拓电子品牌商品券,50,500,满500减50,product,order,4000,179
样品券,12376,TWGMC(迪嘉),50元迪嘉品牌商品券,50,300,满300减50,product,order,4000,251
样品券,1262,Ckmtw(灿科盟),50元灿科盟品牌商品券,50,500,满500减50,product,order,4000,89
样品券,15535,XUNDA(讯答),50元讯答品牌商品券,50,500,满500减50,product,order,4000,75
样品券,16094,TDSEMIC(拓电半导体),50元拓电半导体品牌商品券,50,500,满500减50,product,order,4000,92
样品券,14038,ElecSuper(静芯),50元静芯品牌商品券,50,200,满200减50,product,order,4000,121
样品券,15592,KTP(科泰普),50元科泰普品牌商品券,50,500,满500减50,product,order,0,76
样品券,15352,R+O(宏嘉诚),50元宏嘉诚品牌商品券,50,200,满200减50,product,order,4000,206
样品券,24427,GUOCONN(国连),50元国连品牌商品券,50,500,满500减50,product,order,4000,46
样品券,16003,techphant(技象科技),40元技象科技品牌商品券,40,60,满60减40,product,order,4000,241
样品券,11930,MK(米客方德),40元米客方德品牌商品券,40,600,满600减40,product,order,4000,199
样品券,15555,GR(国睿),40元国睿品牌商品券,40,400,满400减40,product,order,4000,185
样品券,15453,EVISUN(易成),35元易成品牌商品券,35,500,满500减35,product,order,4000,209
样品券,11743,LGE(鲁光),35元鲁光品牌商品券,35,100,满100减35,product,order,4000,237
样品券,17513,ChengTao(诚韬),35元诚韬品牌商品券,35,100,满100减35,product,order,4000,207
样品券,11880,MINTRON(明硕),35元明硕品牌商品券,35,100,满100减35,product,order,4000,224
样品券,18673,YOUCHI(佑驰),35元佑驰品牌商品券,35,100,满100减35,product,order,4000,206
样品券,13306,YLPTEC(易川),35元易川品牌商品券,35,500,满500减35,product,order,4000,215
样品券,13178,TDD(台冠电子),35元台冠电子品牌商品券,35,100,满100减35,product,order,4000,194
样品券,11478,KANGNEX(康奈克斯电气),30元康奈克斯电气品牌商品券,30,300,满300减30,product,order,4000,210
样品券,11549,AnBon(安邦),30元安邦品牌商品券,30,200,满200减30,product,order,4000,172
样品券,287,YXC(扬兴晶振),30元扬兴晶振品牌商品券,30,1000,满1000减30,product,order,4000,286
样品券,16108,BXCONN(宝讯),30元宝讯品牌商品券,30,200,满200减30,product,order,4000,190
样品券,11955,SHOU HAN(首韩),30元首韩品牌商品券,30,500,满500减30,product,order,4000,311
样品券,15966,Zhongdi(众迪),30元众迪品牌商品券,30,300,满300减30,product,order,4000,165
样品券,18279,JIERR(捷而瑞),30元捷而瑞品牌商品券,30,200,满200减30,product,order,4000,325
样品券,15342,SILION(芯联创展),30元芯联创展品牌商品券,30,300,满300减30,product,order,4000,164
样品券,25051,LXWCONN(连兴旺电子),30元连兴旺电子品牌商品券,30,200,满200减30,product,order,4000,188
样品券,15277,HanElectricity(瀚源),30元瀚源品牌商品券,30,200,满200减30,product,order,4000,211
样品券,18721,GMIC(绿微),30元绿微品牌商品券,30,200,满200减30,product,order,4000,175
样品券,14041,LanTu Micro(蓝图微电),30元蓝图微电品牌商品券,30,200,满200减30,product,order,4000,171
样品券,16282,Ruishen(瑞申电子),30元瑞申电子品牌商品券,30,200,满200减30,product,order,4000,185
样品券,15863,ACMECON(鼎容),30元鼎容品牌商品券,30,300,满300减30,product,order,4000,194
样品券,15503,HYDZ(华宇),30元华宇品牌商品券,30,500,满500减30,product,order,4000,190
样品券,15768,ReSine PS(瑞鑫),30元瑞鑫品牌商品券,30,100,满100减30,product,order,4000,206
样品券,11540,SUNLIGHT(光华),30元光华品牌商品券,30,100,满100减30,product,order,4000,200
样品券,12113,yezhan(业展),30元业展品牌商品券,30,200,满200减30,product,order,4000,187
样品券,26864,YWF(宇文发),30元宇文发品牌商品券,30,200,满200减30,product,order,4000,181
样品券,16038,Tudi(钍地半导体),30元钍地半导体品牌商品券,30,100,满100减30,product,order,4000,208
样品券,15742,cntitle(中戈泰斗),30元中戈泰斗品牌商品券,30,200,满200减30,product,order,4000,181
样品券,17325,MEGSINE(兆讯),30元兆讯品牌商品券,30,300,满300减30,product,order,4000,181
样品券,15353,CAZN(正成),30元正成品牌商品券,30,200,满200减30,product,order,4000,181
样品券,12635,FG(富港),30元富港品牌商品券,30,200,满200减30,product,order,4000,187
样品券,26727,LINGQIANG(领强),30元领强品牌商品券,30,100,满100减30,product,order,4000,197
样品券,15920,LX(灵星芯微),30元灵星芯微品牌商品券,30,200,满200减30,product,order,4000,201
样品券,12137,SPTECH(深圳质超),30元深圳质超品牌商品券,30,300,满300减30,product,order,4000,181
样品券,11834,HOAUC(华宇创),30元华宇创品牌商品券,30,300,满300减30,product,order,4000,199
样品券,16049,Magnetsyc(元磁),30元元磁品牌商品券,30,200,满200减30,product,order,4000,195
样品券,17375,APSEMI(先进光),30元先进光品牌商品券,30,100,满100减30,product,order,4000,194
样品券,12139,Liown(里阳半导体),30元里阳半导体品牌商品券,30,200,满200减30,product,order,4000,200
样品券,15359,HeYangTek(扬贺扬),30元扬贺扬品牌商品券,30,300,满300减30,product,order,4000,176
样品券,13493,Zhengxin(正芯),30元正芯品牌商品券,30,300,满300减30,product,order,4000,199
样品券,11948,Leiditech(雷卯电子),30元雷卯电子品牌商品券,30,200,满200减30,product,order,4000,192
样品券,12165,Yuandi(元迪),30元元迪品牌商品券,30,300,满300减30,product,order,4000,201
样品券,17409,XNRUSEMI(新锐),30元新锐品牌商品券,30,300,满300减30,product,order,4000,201
样品券,13155,ABC(千如),30元千如品牌商品券,30,200,满200减30,product,order,4000,187
样品券,12191,ceaiya(柯爱亚),30元柯爱亚品牌商品券,30,300,满300减30,product,order,4000,185
样品券,14053,hanxia(韩下),30元韩下品牌商品券,30,200,满200减30,product,order,4000,266
样品券,18832,luJing(鲁晶),30元鲁晶品牌商品券,30,300,满300减30,product,order,4000,180
样品券,13455,EVERCOM(恒连),30元恒连品牌商品券,30,200,满200减30,product,order,4000,180
样品券,12685,SOREDE(索瑞达),30元索瑞达品牌商品券,30,200,满200减30,product,order,4000,188
样品券,825,ZHHXDZ(海芯电子),30元海芯电子品牌商品券,30,100,满100减30,product,order,4000,196
样品券,12572,SM Switch,30元SM Switch品牌商品券,30,200,满200减30,product,order,4000,186
样品券,12130,XFCN(兴飞),30元兴飞品牌商品券,30,200,满200减30,product,order,4000,279
样品券,12072,PROD(谱罗德),30元谱罗德品牌商品券,30,200,满200减30,product,order,4000,219
样品券,13273,XCH(旭昌辉),30元旭昌辉品牌商品券,30,200,满200减30,product,order,4000,187
样品券,15752,LKWIC(瓴科微),30元瓴科微品牌商品券,30,100,满100减30,product,order,4000,186
样品券,15945,Siliup(矽普),30元矽普品牌商品券,30,500,满500减30,product,order,4000,189
样品券,1138,SHIKUES(时科),30元时科品牌商品券,30,200,满200减30,product,order,4000,206
样品券,365,MetalLions(美铼),30元美铼品牌商品券,30,200,满200减30,product,order,4000,187
样品券,11869,CENKER(岑科),30元岑科品牌商品券,30,100,满100减30,product,order,4000,181
样品券,12579,NJGW(南京国微),30元南京国微品牌商品券,30,200,满200减30,product,order,4000,182
样品券,15786,Lewa Micro(乐瓦微电子),30元乐瓦微电子品牌商品券,30,200,满200减30,product,order,4000,68
样品券,15302,LinkMems(聆麦声学),30元聆麦声学品牌商品券,30,300,满300减30,product,order,4000,65
样品券,12754,Linearin(先积集成),<品牌新人>30元先积集成品牌商品券,30,31,满31减30,product,order,4000,225
样品券,1207,everanalog(申风),30元申风品牌商品券,30,200,满200减30,product,order,4000,85
样品券,11853,UMW(友台半导体),30元友台半导体品牌商品券,30,500,满500减30,product,order,4000,189
样品券,12047,HCI(杭晶),30元杭晶品牌商品券,30,300,满300减30,product,order,4000,68
样品券,12550,国芯佳品,30元国芯佳品品牌商品券,30,100,满100减30,product,order,0,49
样品券,15466,LX(连欣科技),30元连欣科技品牌商品券,30,300,满300减30,product,order,3000,54
样品券,11587,HOOYA(皓宇电子),25元皓宇电子品牌商品券,25,50,满50减25,product,order,4000,246
样品券,17513,ChengTao(诚韬),25元诚韬品牌商品券,25,26,满26减25,product,order,4000,959
样品券,16003,techphant(技象科技),25元技象科技品牌商品券,25,26,满26减25,product,order,4000,809
样品券,16226,SAMZO(三佐),25元三佐品牌商品券,25,100,满100减25,product,order,4000,212
样品券,15188,Cmos(广东场效应半导体),25元广东场效应半导体品牌商品券,25,100,满100减25,product,order,4000,211
样品券,24398,FAUKU(高芯电子),25元高芯电子品牌商品券,25,50,满50减25,product,order,4000,215
样品券,17129,HMTCONN(华明通),25元华明通品牌商品券,25,100,满100减25,product,order,4000,188
样品券,13024,KUU,25元KUU品牌商品券,25,200,满200减25,product,order,4000,219
样品券,13025,YONGYUTAI(永裕泰),25元永裕泰品牌商品券,25,300,满300减25,product,order,4000,237
样品券,13052,minos(迈诺斯),25元迈诺斯品牌商品券,25,50,满50减25,product,order,4000,284
样品券,11898,KYX(凯越翔),25元凯越翔品牌商品券,25,50,满50减25,product,order,4000,231
样品券,15257,Lucki(蓝晶),<品牌新人>25元蓝晶品牌商品券,25,50,满50减25,product,order,4000,187
样品券,12460,JIERONG(捷容),25元捷容品牌商品券,25,26,满26减25,product,order,0,243
样品券,11930,MK(米客方德),25元米客方德品牌商品券,25,26,满26减25,product,order,0,197
样品券,12507,皇捷,20元皇捷品牌商品券,20,100,满100减20,product,order,4000,196
样品券,15453,EVISUN(易成),20元易成品牌商品券,20,21,满21减20,product,order,4000,1152
样品券,15376,HC(虹成电子),20元虹成电子品牌商品券,20,21,满21减20,product,order,4000,1353
样品券,13437,HXY MOSFET(华轩阳电子),20元华轩阳电子品牌商品券,20,21,满21减20,product,order,4000,1994
样品券,11729,Legion(六钧),20元六钧品牌商品券,20,30,满30减20,product,order,4000,307
样品券,11955,SHOU HAN(首韩),20元首韩品牌商品券,20,21,满21减20,product,order,4000,1850
样品券,13318,Huixin(慧芯),20元慧芯品牌商品券,20,100,满100减20,product,order,4000,221
样品券,12706,HTCSEMI(海天芯),20元海天芯品牌商品券,20,100,满100减20,product,order,4000,221
样品券,26864,YWF(宇文发),20元宇文发品牌商品券,20,21,满21减20,product,order,4000,993
样品券,15353,CAZN(正成),20元正成品牌商品券,20,21,满21减20,product,order,4000,971
工业品,,,20元工业品运费券,20,200,满200减20,mro_freight,nolimit,4000,2397
工业品,,,10元工业品运费券,10,100,满100减10,mro_freight,nolimit,4000,899
工业品,15210,micsig(麦科信),1000元麦科信品牌工业品券,1000,10000,满10000减1000,product,nolimit,1000,211
工业品,15210,micsig(麦科信),500元麦科信品牌工业品券,500,5000,满5000减500,product,nolimit,1000,200
工业品,15210,micsig(麦科信),300元麦科信品牌工业品券,300,3000,满3000减300,product,nolimit,1000,190
工业品,18262,CHAOCHUANG(超创),200元超创品牌工业品券,200,3000,满3000减200,product,nolimit,2000,188
工业品,25626,Fjordsense(峡感),100元峡感品牌工业品券,100,1500,满1500减100,product,nolimit,1000,175
工业品,16013,MyAntenna(摩天射频),100元摩天射频品牌工业品券,100,1000,满1000减100,product,nolimit,10000,180
工业品,15210,micsig(麦科信),100元麦科信品牌工业品券,100,1000,满1000减100,product,nolimit,1000,175
工业品,18865,VRK(威尔克),80元威尔克品牌工业品券,80,500,满500减80,product,nolimit,1000,176
工业品,,,60元工业品商品券,60,2000,满2000减60,product,nolimit,2000,442
工业品,11834,HOAUC(华宇创),60元华宇创品牌工业品券,60,500,满500减60,product,nolimit,2000,184
工业品,18656,JINGXINGTIANCI(净行天磁),60元净行天磁品牌工业品券,60,2000,满2000减60,product,nolimit,2000,167
工业品,24091,XHHD(新宏辉达),50元新宏辉达品牌工业品券,50,500,满500减50,product,nolimit,2000,181
工业品,1029,AMASS(艾迈斯),50元艾迈斯品牌工业品券,50,1000,满1000减50,product,nolimit,3000,198
工业品,18604,JHT,50元JHT品牌工业品券,50,1000,满1000减50,product,nolimit,2000,170
工业品,,,30元工业品商品券,30,1000,满1000减30,product,nolimit,2000,456
工业品,18865,VRK(威尔克),30元威尔克品牌工业品券,30,200,满200减30,product,nolimit,1000,175
工业品,12388,STEIPU(斯泰普),30元斯泰普品牌工业品券,30,1000,满1000减30,product,nolimit,1000,179
工业品,17310,SDTRUVAL(信德),30元信德品牌工业品券,30,200,满200减30,product,nolimit,10000,179
工业品,11930,MK(米客方德),30元米客方德品牌工业品券,30,500,满500减30,product,nolimit,10000,175
工业品,18649,YIZHI(逸致),30元逸致品牌工业品券,30,500,满500减30,product,nolimit,2000,175
工业品,16624,JXTCONN(聚兴泰),30元聚兴泰品牌工业品券,30,300,满300减30,product,nolimit,3000,174
工业品,18656,JINGXINGTIANCI(净行天磁),30元净行天磁品牌工业品券,30,1000,满1000减30,product,nolimit,2000,162
工业品,,,20元工业品商品券,20,200,满200减20,product,nolimit,3000,515
工业品,11930,MK(米客方德),20元米客方德品牌工业品券,20,100,满100减20,product,nolimit,10000,193
工业品,15964,canfeng(灿峰),20元灿峰品牌工业品券,20,200,满200减20,product,nolimit,2000,177
工业品,18367,YUFENG(裕峰),20元裕峰品牌工业品券,20,200,满200减20,product,nolimit,2000,181
工业品,,,15元工业品商品券,15,500,满500减15,product,nolimit,3000,518
工业品,16051,伊万视波,15元伊万视波品牌工业品券,15,100,满100减15,product,nolimit,2000,192
工业品,12388,STEIPU(斯泰普),<品牌新人>15元斯泰普品牌工业品券,15,16,满16减15,product,nolimit,1000,464
工业品,11962,XMXW(芯网),<品牌新人>15元芯网品牌工业品券,15,16,满16减15,product,nolimit,1000,459
工业品,17310,SDTRUVAL(信德),15元信德品牌工业品券,15,16,满16减15,product,nolimit,500,419
工业品,15964,canfeng(灿峰),15元灿峰品牌工业品券,15,16,满16减15,product,nolimit,2000,675
工业品,18649,YIZHI(逸致),15元逸致品牌工业品券,15,16,满16减15,product,nolimit,2000,727
工业品,16624,JXTCONN(聚兴泰),15元聚兴泰品牌工业品券,15,16,满16减15,product,nolimit,3000,709
工业品,11834,HOAUC(华宇创),15元华宇创品牌工业品券,15,16,满16减15,product,nolimit,2000,730
工业品,12472,MYOUNG(美阳),15元美阳品牌工业品券,15,20,满20减15,product,nolimit,3000,416
工业品,18656,JINGXINGTIANCI(净行天磁),15元净行天磁品牌工业品券,15,500,满500减15,product,nolimit,2000,204
工业品,18367,YUFENG(裕峰),15元裕峰品牌工业品券,15,16,满16减15,product,nolimit,2000,616
工业品,18481,Recci(锐思),15元锐思品牌工业品券,15,200,满200减15,product,nolimit,1000,209
工业品,16013,MyAntenna(摩天射频),<品牌新人>15元摩天射频品牌工业品券,15,16,满16减15,product,nolimit,10000,376
工业品,18865,VRK(威尔克),12元威尔克品牌工业品券,12,100,满100减12,product,nolimit,1000,193
工业品,,,10元工业品商品券,10,200,满200减10,product,nolimit,3000,595
工业品,,,10元工业品商品券,10,50,满50减10,product,nolimit,3000,649
工业品,18805,dytape,10元dytape品牌工业品券,10,100,满100减10,product,nolimit,2000,183
工业品,25019,HUIYA(汇亚),10元汇亚品牌工业品券,10,100,满100减10,product,nolimit,1000,173
工业品,25021,UOWO(优沃),10元优沃品牌工业品券,10,100,满100减10,product,nolimit,1000,168
工业品,16051,伊万视波,10元伊万视波品牌工业品券,10,11,满11减10,product,nolimit,2000,411
工业品,16052,e+erne(伊万仪通),10元伊万仪通品牌工业品券,10,100,满100减10,product,nolimit,2000,175
工业品,14981,FLYOUNG(远阳),10元远阳品牌工业品券,10,30,满30减10,product,nolimit,2000,214
工业品,18262,CHAOCHUANG(超创),10元超创品牌工业品券,10,30,满30减10,product,nolimit,2000,201
工业品,15210,micsig(麦科信),10元麦科信品牌工业品券,10,11,满11减10,product,nolimit,1000,422
工业品,12677,NDST(诺德斯特),10元诺德斯特品牌工业品券,10,100,满100减10,product,nolimit,2000,170
工业品,11721,XSD(鑫顺达),<品牌新人>9元鑫顺达品牌工业品券,9,10,满10减9,product,nolimit,1000,399
工业品,18656,JINGXINGTIANCI(净行天磁),9元净行天磁品牌工业品券,9,10,满10减9,product,nolimit,2000,464
工业品,12677,NDST(诺德斯特),8元诺德斯特品牌工业品券,8,50,满50减8,product,nolimit,2000,178
工业品,24091,XHHD(新宏辉达),6元新宏辉达品牌工业品券,6,10,满10减6,product,nolimit,2000,274
工业品,15964,canfeng(灿峰),6元灿峰品牌工业品券,6,10,满10减6,product,nolimit,2000,255
工业品,18367,YUFENG(裕峰),6元裕峰品牌工业品券,6,10,满10减6,product,nolimit,2000,237
工业品,18805,dytape,5元dytape品牌工业品券,5,50,满50减5,product,nolimit,2000,178
工业品,25019,HUIYA(汇亚),5元汇亚品牌工业品券,5,30,满30减5,product,nolimit,1000,175
工业品,25021,UOWO(优沃),5元优沃品牌工业品券,5,30,满30减5,product,nolimit,1000,174
工业品,18865,VRK(威尔克),5元威尔克品牌工业品券,5,10,满10减5,product,nolimit,1000,220
工业品,18865,VRK(威尔克),5元威尔克品牌工业品券,5,50,满50减5,product,nolimit,1000,176
工业品,12388,STEIPU(斯泰普),5元斯泰普品牌工业品券,5,50,满50减5,product,nolimit,1000,179
工业品,12474,BZXC(博众新材),5元博众新材品牌工业品券,5,50,满50减5,product,nolimit,1000,186
工业品,15458,yiyuanxny(广东怡远),5元广东怡远品牌工业品券,5,50,满50减5,product,nolimit,1000,176
工业品,18604,JHT,5元JHT品牌工业品券,5,100,满100减5,product,nolimit,2000,172
工业品,12677,NDST(诺德斯特),5元诺德斯特品牌工业品券,5,30,满30减5,product,nolimit,2000,177
工业品,12474,BZXC(博众新材),3元博众新材品牌工业品券,3,10,满10减3,product,nolimit,1000,221
工业品,15458,yiyuanxny(广东怡远),3元广东怡远品牌工业品券,3,10,满10减3,product,nolimit,1000,213
工业品,17308,健策,1元健策品牌工业品券,1,27,满27减1,product,nolimit,2000,189
更多优惠券,,,30元面板定制商品券,30,1000,满1000减30,product,nolimit,0,734
更多优惠券,,,70元面板定制商品券,70,3000,满3000减70,product,nolimit,0,573
更多优惠券,,,200元面板定制商品券,200,5000,满5000减200,product,nolimit,0,463
更多优惠券,,,30元面板定制运费券,30,1000,满1000减30,freight,nolimit,0,304
更多优惠券,,,300元面板定制商品券,300,8000,满8000减300,product,nolimit,0,429
更多优惠券,,,70元面板定制运费券,70,2000,满2000减70,freight,nolimit,0,258
更多优惠券,,,100元面板定制运费券,100,3000,满3000减100,freight,nolimit,0,250
更多优惠券,,,130元面板定制运费券,130,5000,满5000减130,freight,nolimit,0,234
更多优惠券,,,150元面板定制运费券,150,8000,满8000减150,freight,nolimit,0,238
更多优惠券,,,200元面板定制运费券,200,10000,满10000减200,freight,nolimit,0,240
更多优惠券,,,7元天天团运费券丨仅移动端可用,7,0.01,满0.01减7,freight,nolimit,0,2361
PLUS,15353,CAZN(正成),<正成>9.5折PLUS专属券,0,1,0元,discount,nolimit,4000,254
PLUS,13437,HXY MOSFET(华轩阳电子),<华轩阳>9.5折PLUS专属券,0,1,0元,discount,nolimit,4000,252
PLUS,15464,LUTE(陆特),<陆特>9.5折PLUS专属券,0,1,0元,discount,nolimit,4000,197
PLUS,11353,SXN(顺翔诺),<顺翔诺>9.5折PLUS专属券,0,1,0元,discount,nolimit,4000,221
PLUS,15267,XR(祥如),<祥如>50元PLUS专属券,50,300,满300减50,product,nolimit,4000,197
PLUS,11687,XUNPU(讯普),<讯普>30元PLUS专属券,30,300,满300减30,product,nolimit,4000,211
PLUS,15340,Megastar(兆星),<兆星>20元PLUS专属券,20,21,满21减20,product,nolimit,4000,363
PLUS,25051,LXWCONN(连兴旺电子),<连兴旺电子>20元PLUS专属券,20,21,满21减20,product,nolimit,4000,304
PLUS,15280,APV(爱普微),<爱普微>20元PLUS专属券,20,21,满21减20,product,nolimit,4000,331
