品牌名称,品牌编号,品牌链接,优惠金额,金额分类,使用限制分类,规则详细说明
,,,满9.9减9,其它金额,其它限制,9.9自营免邮券丨京东快递
,,,满100减50,其它金额,其它限制,50元面板定制商品券
,,,满5000减200,其它金额,其它限制,200元运费券 | BOM下单专享
,,,满30000减1000,其它金额,其它限制,海外代购TI.COM渠道优惠券
,,,满15000减450,其它金额,其它限制,海外代购TI.COM渠道优惠券
,,,满20000减300,其它金额,其它限制,300元海外代购券
,,,满20000减200,其它金额,其它限制,200元合作库存专属商品券
,,,满5000减150,其它金额,其它限制,海外代购TI.COM渠道优惠券
,,,满12000减100,其它金额,其它限制,100元合作库存专属商品券
,,,满100减30,其它金额,其它限制,30元BOM下单专享券
,,,满50减25,其它金额,其它限制,25元工业品新客首单券
JIERR(捷而瑞),18279,https://list.szlcsc.com/brand/18279.html,满16减15,满16减15,其它限制,15元捷而瑞品牌商品券
HONOR(荣誉),991,https://list.szlcsc.com/brand/991.html,满21减20,满21减20,品牌新人,<品牌新人>20元荣誉品牌商品券
ChengTao(诚韬),17513,https://list.szlcsc.com/brand/17513.html,满21减20,满21减20,其它限制,20元诚韬品牌商品券
HENIPER(恒浦),11566,https://list.szlcsc.com/brand/11566.html,满100减20,其它金额,其它限制,20元恒浦品牌商品券
KYX(凯越翔),11898,https://list.szlcsc.com/brand/11898.html,满100减20,其它金额,其它限制,20元凯越翔品牌商品券
RealChip(正芯半导体),13712,https://list.szlcsc.com/brand/13712.html,满500减20,其它金额,其它限制,20元正芯半导体品牌商品券
LGE(鲁光),11743,https://list.szlcsc.com/brand/11743.html,满16减15,满16减15,其它限制,15元鲁光品牌商品券
APSEMI(先进光),17375,https://list.szlcsc.com/brand/17375.html,满16减15,满16减15,其它限制,15元先进光品牌商品券
STE(松田),11597,https://list.szlcsc.com/brand/11597.html,满16减15,满16减15,其它限制,15元松田品牌商品券
SUPSiC(国晶微半导体),12612,https://list.szlcsc.com/brand/12612.html,满16减15,满16减15,其它限制,15元国晶微半导体品牌商品券
SRD(圣融达),1056,https://list.szlcsc.com/brand/1056.html,满16减15,满16减15,其它限制,15元圣融达品牌商品券
Gyunrui(云睿),25414,https://list.szlcsc.com/brand/25414.html,满16减15,满16减15,其它限制,15元云睿品牌商品券
cjiang(长江微电),11425,https://list.szlcsc.com/brand/11425.html,满16减15,满16减15,品牌新人,<品牌新人>15元长江微电品牌商品券
FOSAN(富捷/富信),13045,https://list.szlcsc.com/brand/13045.html,满16减15,满16减15,其它限制,15元富信品牌商品券
HOAUC(华宇创),11834,https://list.szlcsc.com/brand/11834.html,满16减15,满16减15,品牌新人,<品牌新人>15元华宇创品牌商品券
BZCN(博众电气),12737,https://list.szlcsc.com/brand/12737.html,满16减15,满16减15,其它限制,15元博众电气品牌商品券
G-Switch(品赞),12389,https://list.szlcsc.com/brand/12389.html,满16减15,满16减15,其它限制,15元品赞品牌商品券
同晶,16268,https://list.szlcsc.com/brand/16268.html,满16减15,满16减15,品牌新人,<品牌新人>15元同晶品牌指定类目商品券
GOODWORK(固得沃克),12245,https://list.szlcsc.com/brand/12245.html,满16减15,满16减15,其它限制,15元固得沃克品牌商品券
CTR(长泰尔电子),15461,https://list.szlcsc.com/brand/15461.html,满20减15,其它金额,品牌新人,<品牌新人>15元长泰尔电子品牌商品券
HTCSEMI(海天芯),12706,https://list.szlcsc.com/brand/12706.html,满16减15,满16减15,其它限制,15元海天芯品牌商品券
MDD(辰达半导体),164,https://list.szlcsc.com/brand/164.html,满16减15,满16减15,品牌新人,<品牌新人>15元MDD品牌商品券
HC(华橙熊猫),26942,https://list.szlcsc.com/brand/26942.html,满20减15,其它金额,其它限制,15元华橙熊猫品牌商品券
CH(创慧电子),16239,https://list.szlcsc.com/brand/16239.html,满16减15,满16减15,其它限制,15元创慧电子品牌商品券
WALSON(万盛),18304,https://list.szlcsc.com/brand/18304.html,满16减15,满16减15,其它限制,15元万盛品牌商品券
SCTF(星通时频),11630,https://list.szlcsc.com/brand/11630.html,满16减15,满16减15,其它限制,15元星通时频品牌商品券
FUXINSEMI(富芯森美),12406,https://list.szlcsc.com/brand/12406.html,满16减15,满16减15,其它限制,15元富芯森美品牌商品券
KEXIN(科信),11914,https://list.szlcsc.com/brand/11914.html,满16减15,满16减15,品牌新人,<品牌新人>15元科信品牌商品券
suntek(洺太电子),12518,https://list.szlcsc.com/brand/12518.html,满16减15,满16减15,品牌新人,<品牌新人>15元洺太电子品牌商品券
INGHAi(赢海),11537,https://list.szlcsc.com/brand/11537.html,满16减15,满16减15,品牌新人,<品牌新人>15元赢海品牌商品券
Milliohm(毫欧),12131,https://list.szlcsc.com/brand/12131.html,满16减15,满16减15,商城新人,<商城新人>15元毫欧品牌商品券
TECH PUBLIC(台舟),12241,https://list.szlcsc.com/brand/12241.html,满16减15,满16减15,其它限制,15元台舟品牌商品券
WF(伟烽),12761,https://list.szlcsc.com/brand/12761.html,满16减15,满16减15,其它限制,15元伟烽品牌商品券
Hongda(泓达),12257,https://list.szlcsc.com/brand/12257.html,满30减15,其它金额,其它限制,15元泓达品牌商品券
Ziisor(致哲),12085,https://list.szlcsc.com/brand/12085.html,满50减15,其它金额,其它限制,15元致哲品牌商品券
YXC(扬兴晶振),287,https://list.szlcsc.com/brand/287.html,满16减15,满16减15,品牌新人,<品牌新人>15元扬兴晶振品牌商品券
ARK(方舟微),13426,https://list.szlcsc.com/brand/13426.html,满16减15,满16减15,其它限制,15元方舟微品牌指定类目商品券
DOINGTER(杜因特),16607,https://list.szlcsc.com/brand/16607.html,满16减15,满16减15,其它限制,15元杜因特品牌商品券
TCWIN(天成),12404,https://list.szlcsc.com/brand/12404.html,满16减15,满16减15,品牌新人,<品牌新人>15元天成品牌商品券
DLL(德利),15765,https://list.szlcsc.com/brand/15765.html,满20减15,其它金额,其它限制,15元德利品牌商品券
OSEN(欧芯),15762,https://list.szlcsc.com/brand/15762.html,满100减15,其它金额,其它限制,15元欧芯品牌商品券
BXCONN(宝讯),16108,https://list.szlcsc.com/brand/16108.html,满16减15,满16减15,其它限制,15元宝讯品牌商品券
UMaxconn(友贸),12006,https://list.szlcsc.com/brand/12006.html,满16减15,满16减15,其它限制,15元友贸品牌商品券
HanElectricity(瀚源),15277,https://list.szlcsc.com/brand/15277.html,满16减15,满16减15,其它限制,15元瀚源品牌商品券
MAX(迈旭),15187,https://list.szlcsc.com/brand/15187.html,满16减15,满16减15,其它限制,15元迈旭品牌商品券
XUNPU(讯普),11687,https://list.szlcsc.com/brand/11687.html,满16减15,满16减15,品牌新人,<品牌新人>15元讯普品牌商品券
JARSON(伽盛),13495,https://list.szlcsc.com/brand/13495.html,满16减15,满16减15,品牌新人,<品牌新人>15元伽盛品牌首单商品券
Huixin(慧芯),13318,https://list.szlcsc.com/brand/13318.html,满16减15,满16减15,品牌新人,<品牌新人>15元慧芯品牌首单商品券
Dersonic(德尔创),11570,https://list.szlcsc.com/brand/11570.html,满16减15,满16减15,其它限制,15元德尔创品牌商品券
Zhongdi(众迪),15966,https://list.szlcsc.com/brand/15966.html,满16减15,满16减15,其它限制,15元众迪品牌商品券
Zhengxin(正芯),13493,https://list.szlcsc.com/brand/13493.html,满16减15,满16减15,其它限制,15元正芯品牌商品券
ZHIDE(志得),12520,https://list.szlcsc.com/brand/12520.html,满20减15,其它金额,其它限制,15元志得品牌商品券
LXWCONN(连兴旺电子),25051,https://list.szlcsc.com/brand/25051.html,满16减15,满16减15,其它限制,15元连兴旺电子品牌商品券
Lucki(蓝晶),15257,https://list.szlcsc.com/brand/15257.html,满16减15,满16减15,其它限制,15元蓝晶品牌商品券
KUU,13024,https://list.szlcsc.com/brand/13024.html,满16减15,满16减15,品牌新人,<品牌新人>15元KUU品牌商品券
YONGYUTAI(永裕泰),13025,https://list.szlcsc.com/brand/13025.html,满16减15,满16减15,品牌新人,<品牌新人>15元永裕泰品牌商品券
CX(长兴),15818,https://list.szlcsc.com/brand/15818.html,满16减15,满16减15,其它限制,15元长兴品牌商品券
XTALTQ(恒晶科技),12046,https://list.szlcsc.com/brand/12046.html,满16减15,满16减15,品牌新人,<品牌新人>15元恒晶科技品牌商品券
AM(安美),15460,https://list.szlcsc.com/brand/15460.html,满16减15,满16减15,商城新人,<商城新人>15元安美品牌商品券
Starwave(思大),12464,https://list.szlcsc.com/brand/12464.html,满16减15,满16减15,其它限制,15元思大品牌商品券
JTD(晶泰达),17201,https://list.szlcsc.com/brand/17201.html,满16减15,满16减15,其它限制,15元晶泰达品牌商品券
GODETEK(皋德科技),16030,https://list.szlcsc.com/brand/16030.html,满20减15,其它金额,其它限制,15元皋德科技品牌商品券
Sunltech(顺磁),11440,https://list.szlcsc.com/brand/11440.html,满16减15,满16减15,其它限制,15元顺磁品牌商品券
韩国韩荣,947,https://list.szlcsc.com/brand/947.html,满16减15,满16减15,其它限制,15元韩国韩荣品牌商品券
Huiyuan crystal(惠源晶工),15240,https://list.szlcsc.com/brand/15240.html,满30减15,其它金额,其它限制,15元惠源晶工品牌商品券
MagnaChip(美格纳),1185,https://list.szlcsc.com/brand/1185.html,满16减15,满16减15,其它限制,15元美格纳品牌商品券
MP(美禄科技),15548,https://list.szlcsc.com/brand/15548.html,满16减15,满16减15,其它限制,15元美禄科技品牌商品券
HGC(深圳汉芯),13175,https://list.szlcsc.com/brand/13175.html,满16减15,满16减15,其它限制,15元深圳汉芯品牌商品券
JILN(锦凌),11870,https://list.szlcsc.com/brand/11870.html,满16减15,满16减15,品牌新人,<品牌新人>15元锦凌品牌商品券
SUNGMUN(韩国星炆电子),12028,https://list.szlcsc.com/brand/12028.html,满16减15,满16减15,品牌新人,<品牌新人>15元韩国星炆电子品牌商品券
Artinchip(匠芯创),15585,https://list.szlcsc.com/brand/15585.html,满16减15,满16减15,品牌新人,<品牌新人>15元匠芯创品牌商品券
HenryTech(恒利泰),15271,https://list.szlcsc.com/brand/15271.html,满16减15,满16减15,其它限制,15元恒利泰品牌商品券
深海电子,18751,https://list.szlcsc.com/brand/18751.html,满16减15,满16减15,品牌新人,<品牌新人>15元深海电子品牌商品券
HDGC(华德共创),13047,https://list.szlcsc.com/brand/13047.html,满16减15,满16减15,其它限制,15元华德共创品牌商品券
FTR(乔光电子),12317,https://list.szlcsc.com/brand/12317.html,满30减15,其它金额,其它限制,15元乔光电子品牌商品券
精拓金,11735,https://list.szlcsc.com/brand/11735.html,满16减15,满16减15,其它限制,15元精拓金品牌商品券
WingTAT(格林柏),15171,https://list.szlcsc.com/brand/15171.html,满16减15,满16减15,其它限制,15元格林柏品牌商品券
MEGSINE(兆讯),17325,https://list.szlcsc.com/brand/17325.html,满30减15,其它金额,其它限制,15元兆讯品牌商品券
Silicore(芯谷),12089,https://list.szlcsc.com/brand/12089.html,满100减15,其它金额,其它限制,15元芯谷品牌商品券
SAMZO(三佐),16226,https://list.szlcsc.com/brand/16226.html,满16减15,满16减15,其它限制,15元三佐品牌商品券
cntitle(中戈泰斗),15742,https://list.szlcsc.com/brand/15742.html,满16减15,满16减15,其它限制,15元中戈泰斗品牌商品券
Tudi(钍地半导体),16038,https://list.szlcsc.com/brand/16038.html,满16减15,满16减15,其它限制,15元钍地半导体品牌商品券
Full-Way(四方杰芯),15732,https://list.szlcsc.com/brand/15732.html,满16减15,满16减15,其它限制,15元四方杰芯品牌商品券
DIANWEI(钿威科技),15598,https://list.szlcsc.com/brand/15598.html,满16减15,满16减15,其它限制,15元钿威科技品牌商品券
LCKELEC(联晟欣),23848,https://list.szlcsc.com/brand/23848.html,满16减15,满16减15,其它限制,15元联晟欣品牌商品券
SDAPO(达普),15309,https://list.szlcsc.com/brand/15309.html,满30减15,其它金额,其它限制,15元达普品牌商品券
HH(辉焕),18884,https://list.szlcsc.com/brand/18884.html,满16减15,满16减15,其它限制,15元辉焕品牌商品券
Slkor(萨科微),11608,https://list.szlcsc.com/brand/11608.html,满20减15,其它金额,其它限制,15元萨科微品牌商品券
晶扬电子,12581,https://list.szlcsc.com/brand/12581.html,满16减15,满16减15,品牌新人,<品牌新人>15元晶扬电子品牌商品券
Xinyangze(鑫扬泽),13320,https://list.szlcsc.com/brand/13320.html,满16减15,满16减15,其它限制,15元鑫扬泽品牌商品券
KANGNEX(康奈克斯电气),11478,https://list.szlcsc.com/brand/11478.html,满16减15,满16减15,品牌新人,<品牌新人>15元康奈克斯电气品牌指定类目商品券
巴丁微,12372,https://list.szlcsc.com/brand/12372.html,满30减15,其它金额,其它限制,15元巴丁微品牌商品券
AnBon(安邦),11549,https://list.szlcsc.com/brand/11549.html,满16减15,满16减15,其它限制,15元安邦品牌商品券
Yxcon(宇熙精密),15465,https://list.szlcsc.com/brand/15465.html,满16减15,满16减15,其它限制,15元宇熙精密品牌商品券
众驰电子,12454,https://list.szlcsc.com/brand/12454.html,满16减15,满16减15,其它限制,15元众驰电子品牌商品券
Silverlight(银月光),12705,https://list.szlcsc.com/brand/12705.html,满16减15,满16减15,品牌新人,<品牌新人>15元银月光品牌首单商品券
ROCPU Switches(台普),12574,https://list.szlcsc.com/brand/12574.html,满16减15,满16减15,其它限制,15元台普品牌商品券
皇捷,12507,https://list.szlcsc.com/brand/12507.html,满16减15,满16减15,品牌新人,<品牌新人>15元皇捷品牌商品券
LEADER(立得),12535,https://list.szlcsc.com/brand/12535.html,满16减15,满16减15,品牌新人,<品牌新人>15元立得品牌商品券
JXTCONN(聚兴泰),16624,https://list.szlcsc.com/brand/16624.html,满16减15,满16减15,其它限制,15元聚兴泰品牌商品券
chipfountain(芯涛微),24904,https://list.szlcsc.com/brand/24904.html,满16减15,满16减15,其它限制,15元芯涛微品牌商品券
CCX(晁禾),24412,https://list.szlcsc.com/brand/24412.html,满16减15,满16减15,其它限制,15元晁禾品牌商品券
MPS(芯源),283,https://list.szlcsc.com/brand/283.html,满16减15,满16减15,品牌新人,<品牌新人>15元MPS品牌商品券
BHFUSE(佰宏),12424,https://list.szlcsc.com/brand/12424.html,满16减15,满16减15,其它限制,15元佰宏品牌指定类目商品券
Megastar(兆星),15340,https://list.szlcsc.com/brand/15340.html,满16减15,满16减15,其它限制,15元兆星品牌商品券
Bossie(博锡),15538,https://list.szlcsc.com/brand/15538.html,满16减15,满16减15,其它限制,15元博锡品牌商品券
Hichips(智芯),11741,https://list.szlcsc.com/brand/11741.html,满16减15,满16减15,品牌新人,<品牌新人>15元智芯品牌商品券
XYECONN(辛译),15593,https://list.szlcsc.com/brand/15593.html,满16减15,满16减15,其它限制,15元辛译品牌商品券
Leiditech(雷卯电子),11948,https://list.szlcsc.com/brand/11948.html,满16减15,满16减15,其它限制,15元雷卯电子品牌商品券
Hallwee(霍尔微电子),12515,https://list.szlcsc.com/brand/12515.html,满16减15,满16减15,其它限制,15元霍尔微电子品牌商品券
ZE(增益),12475,https://list.szlcsc.com/brand/12475.html,满16减15,满16减15,其它限制,15元增益品牌商品券
worldsemi,1250,https://list.szlcsc.com/brand/1250.html,满16减15,满16减15,其它限制,15元worldsemi品牌商品券
康深,13447,https://list.szlcsc.com/brand/13447.html,满16减15,满16减15,其它限制,15元康深品牌商品券
Semiwell(矽门微),17296,https://list.szlcsc.com/brand/17296.html,满16减15,满16减15,其它限制,15元矽门微品牌商品券
国星光电,966,https://list.szlcsc.com/brand/966.html,满16减15,满16减15,品牌新人,<品牌新人>15元国星光电品牌商品券
LUTE(陆特),15464,https://list.szlcsc.com/brand/15464.html,满16减15,满16减15,其它限制,15元陆特品牌商品券
Siproin(上海矽朋),11694,https://list.szlcsc.com/brand/11694.html,满16减15,满16减15,其它限制,15元上海矽朋品牌商品券
yezhan(业展),12113,https://list.szlcsc.com/brand/12113.html,满16减15,满16减15,其它限制,15元业展品牌商品券
SUNLIGHT(光华),11540,https://list.szlcsc.com/brand/11540.html,满16减15,满16减15,其它限制,15元光华品牌商品券
ReSine PS(瑞鑫),15768,https://list.szlcsc.com/brand/15768.html,满16减15,满16减15,其它限制,15元瑞鑫品牌商品券
TWGMC(迪嘉),12376,https://list.szlcsc.com/brand/12376.html,满16减15,满16减15,其它限制,15元迪嘉品牌商品券
MSKSEMI(美森科),12667,https://list.szlcsc.com/brand/12667.html,满16减15,满16减15,其它限制,15元美森科品牌商品券
SPTECH(深圳质超),12137,https://list.szlcsc.com/brand/12137.html,满20减15,其它金额,其它限制,15元深圳质超品牌商品券
RealChip(正芯半导体),13712,https://list.szlcsc.com/brand/13712.html,满16减15,满16减15,品牌新人,<品牌新人>15元正芯半导体品牌商品券
REASUNOS(瑞森半导体),15297,https://list.szlcsc.com/brand/15297.html,满20减15,其它金额,其它限制,15元瑞森半导体品牌商品券
CHIN-BAN(勤本),15372,https://list.szlcsc.com/brand/15372.html,满16减15,满16减15,其它限制,15元勤本品牌指定类目商品券
Nyfea(徕飞),17208,https://list.szlcsc.com/brand/17208.html,满16减15,满16减15,其它限制,15元徕飞品牌商品券
HMTCONN(华明通),17129,https://list.szlcsc.com/brand/17129.html,满16减15,满16减15,其它限制,15元华明通品牌商品券
CENKER(岑科),11869,https://list.szlcsc.com/brand/11869.html,满20减15,其它金额,其它限制,15元岑科品牌商品券
MiRelay(米高莱),15921,https://list.szlcsc.com/brand/15921.html,满20减15,其它金额,其它限制,15元米高莱品牌商品券
QLRELAY,15934,https://list.szlcsc.com/brand/15934.html,满20减15,其它金额,其它限制,15元QLRELAY品牌商品券
COILMX(迈翔科技),11934,https://list.szlcsc.com/brand/11934.html,满16减15,满16减15,品牌新人,<品牌新人>15元迈翔科技品牌商品券
FC(方成),13136,https://list.szlcsc.com/brand/13136.html,满100减15,其它金额,其它限制,15元方成品牌商品券
XINGLIGHT(成兴光),12469,https://list.szlcsc.com/brand/12469.html,满20减15,其它金额,其它限制,15元成兴光品牌商品券
JSMSEMI(杰盛微),12313,https://list.szlcsc.com/brand/12313.html,满16减15,满16减15,其它限制,15元杰盛微品牌商品券
CND-tek(磁联达),12021,https://list.szlcsc.com/brand/12021.html,满16减15,满16减15,其它限制,15元磁联达品牌商品券
TFSS(德律风根),12547,https://list.szlcsc.com/brand/12547.html,满16减15,满16减15,其它限制,15元德律风根品牌商品券
TPOWER(天源),11941,https://list.szlcsc.com/brand/11941.html,满16减15,满16减15,其它限制,15元天源品牌商品券
JETEKPS(健特),11954,https://list.szlcsc.com/brand/11954.html,满16减15,满16减15,品牌新人,<品牌新人>15元健特品牌首单商品券
LKWIC(瓴科微),15752,https://list.szlcsc.com/brand/15752.html,满30减15,其它金额,其它限制,15元瓴科微品牌商品券
NYBOXING(尼博星),12133,https://list.szlcsc.com/brand/12133.html,满16减15,满16减15,其它限制,15元尼博星品牌商品券
YFW(佑风微),12510,https://list.szlcsc.com/brand/12510.html,满16减15,满16减15,品牌新人,<品牌新人>15元佑风微品牌商品券
NH(纽航),15356,https://list.szlcsc.com/brand/15356.html,满16减15,满16减15,其它限制,15元纽航品牌商品券
JUXING(钜兴),13374,https://list.szlcsc.com/brand/13374.html,满16减15,满16减15,其它限制,15元钜兴品牌商品券
SINEDEVICE(宇宏微),16014,https://list.szlcsc.com/brand/16014.html,满16减15,满16减15,其它限制,15元宇宏微品牌商品券
XUMAO(旭茂微),16031,https://list.szlcsc.com/brand/16031.html,满16减15,满16减15,其它限制,15元旭茂微品牌商品券
TUOZHAN(拓展光电),12297,https://list.szlcsc.com/brand/12297.html,满16减15,满16减15,其它限制,15元拓展光电品牌商品券
欧思科光电,12580,https://list.szlcsc.com/brand/12580.html,满16减15,满16减15,其它限制,15元欧思科光电品牌商品券
Amicc(欧密格光电),12329,https://list.szlcsc.com/brand/12329.html,满20减15,其它金额,其它限制,15元欧密格光电品牌商品券
SUNMATE(森美特),1195,https://list.szlcsc.com/brand/1195.html,满16减15,满16减15,品牌新人,<品牌新人>15元森美特品牌商品券
JWD(经纬达),12354,https://list.szlcsc.com/brand/12354.html,满30减15,其它金额,其它限制,15元经纬达品牌商品券
SHIKUES(时科),1138,https://list.szlcsc.com/brand/1138.html,满16减15,满16减15,品牌新人,<品牌新人>15元时科品牌商品券
Silicontra(硅传科技),12658,https://list.szlcsc.com/brand/12658.html,满30减15,其它金额,其它限制,15元硅传科技品牌商品券
YJYCOIN(益嘉源),11837,https://list.szlcsc.com/brand/11837.html,满16减15,满16减15,品牌新人,<品牌新人>15元益嘉源品牌商品券
TOGIALED(统佳),11541,https://list.szlcsc.com/brand/11541.html,满16减15,满16减15,其它限制,15元统佳品牌商品券
AOTE(奥特),15783,https://list.szlcsc.com/brand/15783.html,满20减15,其它金额,其它限制,15元奥特品牌商品券
Hengtuo(恒拓电子),16616,https://list.szlcsc.com/brand/16616.html,满20减15,其它金额,其它限制,15元恒拓电子品牌商品券
TKD(泰晶),11696,https://list.szlcsc.com/brand/11696.html,满16减15,满16减15,其它限制,15元泰晶品牌商品券
DreamLNK(骏晔科技),11933,https://list.szlcsc.com/brand/11933.html,满16减15,满16减15,其它限制,15元骏晔科技品牌商品券
ABC(千如),13155,https://list.szlcsc.com/brand/13155.html,满16减15,满16减15,品牌新人,<品牌新人>15元千如品牌商品券
HANBO(汉博),12025,https://list.szlcsc.com/brand/12025.html,满16减15,满16减15,其它限制,15元汉博品牌商品券
hanxia(韩下),14053,https://list.szlcsc.com/brand/14053.html,满16减15,满16减15,其它限制,15元韩下品牌商品券
SOFNG(硕方),1218,https://list.szlcsc.com/brand/1218.html,满16减15,满16减15,其它限制,15元硕方品牌商品券
XFCN(兴飞),12130,https://list.szlcsc.com/brand/12130.html,满16减15,满16减15,其它限制,15元兴飞品牌商品券
Liown(里阳半导体),12139,https://list.szlcsc.com/brand/12139.html,满16减15,满16减15,其它限制,15元里阳半导体品牌商品券
ISOMICRON(安芯微半导体),15462,https://list.szlcsc.com/brand/15462.html,满16减15,满16减15,其它限制,15元安芯微半导体品牌商品券
WXNSIC(国硅集成),15349,https://list.szlcsc.com/brand/15349.html,满16减15,满16减15,其它限制,15元国硅集成品牌商品券
saiya(赛亚),13293,https://list.szlcsc.com/brand/13293.html,满30减15,其它金额,其它限制,15元赛亚品牌商品券
Semiment(赛卓),12177,https://list.szlcsc.com/brand/12177.html,满23减15,其它金额,其它限制,15元赛卓品牌商品券
TDD(台冠电子),13178,https://list.szlcsc.com/brand/13178.html,满16减15,满16减15,其它限制,15元台冠电子品牌商品券
ECE(百容),943,https://list.szlcsc.com/brand/943.html,满25减15,其它金额,其它限制,15元百容品牌商品券
HYP(鸿源精密),11586,https://list.szlcsc.com/brand/11586.html,满25减15,其它金额,其它限制,15元鸿源精密品牌商品券
CAX(创都),12353,https://list.szlcsc.com/brand/12353.html,满16减15,满16减15,其它限制,15元创都品牌商品券
ceaiya(柯爱亚),12191,https://list.szlcsc.com/brand/12191.html,满16减15,满16减15,品牌新人,<品牌新人>15元柯爱亚品牌商品券
LanTu Micro(蓝图微电),14041,https://list.szlcsc.com/brand/14041.html,满16减15,满16减15,其它限制,15元蓝图微电品牌商品券
SXN(顺翔诺),11353,https://list.szlcsc.com/brand/11353.html,满16减15,满16减15,其它限制,15元顺翔诺品牌商品券
USAKRO(美韩),12164,https://list.szlcsc.com/brand/12164.html,满16减15,满16减15,其它限制,15元美韩品牌商品券
ZHHXDZ(海芯电子),825,https://list.szlcsc.com/brand/825.html,满20减15,其它金额,其它限制,15元海芯电子品牌商品券
JMEconn(文章济美),18565,https://list.szlcsc.com/brand/18565.html,满16减15,满16减15,其它限制,15元文章济美品牌商品券
SM Switch,12572,https://list.szlcsc.com/brand/12572.html,满16减15,满16减15,其它限制,15元SM Switch品牌商品券
FG(富港),12635,https://list.szlcsc.com/brand/12635.html,满16减15,满16减15,其它限制,15元富港品牌商品券
MEIHUA(美华),11965,https://list.szlcsc.com/brand/11965.html,满16减15,满16减15,其它限制,15元美华品牌商品券
BORN(伯恩半导体),11393,https://list.szlcsc.com/brand/11393.html,满16减15,满16减15,品牌新人,<品牌新人>15元伯恩半导体品牌商品券
SHETIME(高钺达),25186,https://list.szlcsc.com/brand/25186.html,满16减15,满16减15,其它限制,15元高钺达品牌商品券
SOREDE(索瑞达),12685,https://list.szlcsc.com/brand/12685.html,满16减15,满16减15,其它限制,15元索瑞达品牌商品券
YTL(亚特联),12342,https://list.szlcsc.com/brand/12342.html,满16减15,满16减15,其它限制,15元亚特联品牌商品券
PROD(谱罗德),12072,https://list.szlcsc.com/brand/12072.html,满16减15,满16减15,品牌新人,<品牌新人>15元谱罗德品牌首单商品券
DEXU(德旭电子),12428,https://list.szlcsc.com/brand/12428.html,满16减15,满16减15,其它限制,15元德旭电子品牌商品券
XCH(旭昌辉),13273,https://list.szlcsc.com/brand/13273.html,满16减15,满16减15,其它限制,15元旭昌辉品牌商品券
JBL(金比莱),16697,https://list.szlcsc.com/brand/16697.html,满30减15,其它金额,其它限制,15元金比莱品牌商品券
FAUKU(高芯电子),24398,https://list.szlcsc.com/brand/24398.html,满16减15,满16减15,其它限制,15元高芯电子品牌商品券
HD(浩都频率),12303,https://list.szlcsc.com/brand/12303.html,满16减15,满16减15,品牌新人,<品牌新人>15元浩都频率品牌商品券
SOSET(索斯特),13181,https://list.szlcsc.com/brand/13181.html,满16减15,满16减15,品牌新人,<品牌新人>15元索斯特品牌商品券
HCI(杭晶),12047,https://list.szlcsc.com/brand/12047.html,满16减15,满16减15,其它限制,15元杭晶品牌商品券
SAE(世盟/世爱),23847,https://list.szlcsc.com/brand/23847.html,满16减15,满16减15,其它限制,15元世盟/世爱品牌商品券
NJGW(南京国微),12579,https://list.szlcsc.com/brand/12579.html,满20减15,其它金额,其它限制,15元南京国微品牌商品券
WIRELESS(维尔乐思),12335,https://list.szlcsc.com/brand/12335.html,满30减15,其它金额,其它限制,15元维尔乐思品牌商品券
WINSOK(微硕),941,https://list.szlcsc.com/brand/941.html,满16减15,满16减15,其它限制,15元微硕品牌商品券
Existar(毅芯达),16251,https://list.szlcsc.com/brand/16251.html,满16减15,满16减15,品牌新人,<品牌新人>15元毅芯达品牌商品券
Coilank(驰兴电感),11602,https://list.szlcsc.com/brand/11602.html,满16减15,满16减15,其它限制,15元驰兴电感品牌商品券
EG(屹晶微),857,https://list.szlcsc.com/brand/857.html,满16减15,满16减15,商城新人,<商城新人>15元屹晶微品牌商品券
TDPOWER(腾达电源),12270,https://list.szlcsc.com/brand/12270.html,满16减15,满16减15,商城新人,<商城新人>15元腾达电源品牌商品券
DEALON(德艺隆),13026,https://list.szlcsc.com/brand/13026.html,满16减15,满16减15,品牌新人,<品牌新人>15元德艺隆品牌商品券
Mysentech(敏源传感),12731,https://list.szlcsc.com/brand/12731.html,满16减15,满16减15,其它限制,15元敏源传感品牌商品券
国芯佳品,12550,https://list.szlcsc.com/brand/12550.html,满16减15,满16减15,其它限制,15元国芯佳品品牌商品券
XBLW(芯伯乐),15584,https://list.szlcsc.com/brand/15584.html,满16减15,满16减15,其它限制,15元芯伯乐品牌商品券
XR(祥如),15267,https://list.szlcsc.com/brand/15267.html,满16减15,满16减15,其它限制,15元祥如品牌商品券
SRT(斯瑞特),12586,https://list.szlcsc.com/brand/12586.html,满16减15,满16减15,其它限制,15元斯瑞特品牌商品券
HUAXIN(华昕),15355,https://list.szlcsc.com/brand/15355.html,满16减15,满16减15,品牌新人,<品牌新人>15元华昕品牌指定类目商品券
JS(钜硕电子),349,https://list.szlcsc.com/brand/349.html,满16减15,满16减15,其它限制,15元钜硕电子品牌商品券
MINTRON(明硕),11880,https://list.szlcsc.com/brand/11880.html,满16减15,满16减15,其它限制,15元明硕品牌商品券
EVERCOM(恒连),13455,https://list.szlcsc.com/brand/13455.html,满16减15,满16减15,其它限制,15元恒连品牌商品券
BAT WIRELESS(蝙蝠无线),12175,https://list.szlcsc.com/brand/12175.html,满16减15,满16减15,其它限制,15元蝙蝠无线品牌商品券
TROQ(创捷),12546,https://list.szlcsc.com/brand/12546.html,满16减15,满16减15,其它限制,15元创捷品牌商品券
PAKER(派克微),13369,https://list.szlcsc.com/brand/13369.html,满16减15,满16减15,其它限制,15元派克微品牌商品券
HRE(芯声),13390,https://list.szlcsc.com/brand/13390.html,满16减15,满16减15,商城新人,<商城新人>15元芯声品牌商品券
XKB Connection(中国星坤),11722,https://list.szlcsc.com/brand/11722.html,满16减15,满16减15,其它限制,15元中国星坤品牌商品券
SURGING(绍鑫),12247,https://list.szlcsc.com/brand/12247.html,满16减15,满16减15,其它限制,15元绍鑫品牌商品券
台湾陆海,462,https://list.szlcsc.com/brand/462.html,满16减15,满16减15,其它限制,15元台湾陆海品牌商品券
DGCX(成希),17064,https://list.szlcsc.com/brand/17064.html,满16减15,满16减15,其它限制,15元成希品牌商品券
Guiguang light(桂光光电),24911,https://list.szlcsc.com/brand/24911.html,满16减15,满16减15,其它限制,15元桂光光电品牌商品券
HRK(鸿瑞凯电子),13168,https://list.szlcsc.com/brand/13168.html,满16减15,满16减15,品牌新人,<品牌新人>15元鸿瑞凯电子品牌商品券
Econd(米朗电子),18256,https://list.szlcsc.com/brand/18256.html,满16减15,满16减15,其它限制,15元米朗电子品牌商品券
Chinocera(华瓷),12099,https://list.szlcsc.com/brand/12099.html,满16减15,满16减15,品牌新人,<品牌新人>15元华瓷品牌商品券
JCHL(晶创和立),11601,https://list.szlcsc.com/brand/11601.html,满16减15,满16减15,其它限制,15元晶创和立品牌商品券
SHENGYANG(升阳),17425,https://list.szlcsc.com/brand/17425.html,满16减15,满16减15,其它限制,15元升阳品牌商品券
YJX(雅晶鑫),1181,https://list.szlcsc.com/brand/1181.html,满16减15,满16减15,其它限制,15元雅晶鑫品牌指定类目商品券
MetalLions(美铼),365,https://list.szlcsc.com/brand/365.html,满16减15,满16减15,商城新人,<商城新人>15元美铼品牌商品券
KOHERelec(科或),12351,https://list.szlcsc.com/brand/12351.html,满16减15,满16减15,其它限制,15元科或品牌商品券
HEERMICR(赫尔半导体),12343,https://list.szlcsc.com/brand/12343.html,满16减15,满16减15,其它限制,15元赫尔半导体品牌商品券
CRC(创容),12341,https://list.szlcsc.com/brand/12341.html,满16减15,满16减15,其它限制,15元创容品牌指定类目商品券
Truesemi(信安),11939,https://list.szlcsc.com/brand/11939.html,满16减15,满16减15,商城新人,<商城新人>15元信安品牌商品券
baocheng(宝乘),11854,https://list.szlcsc.com/brand/11854.html,满16减15,满16减15,其它限制,15元宝乘品牌商品券
Hottech(合科泰),11439,https://list.szlcsc.com/brand/11439.html,满16减15,满16减15,其它限制,15元合科泰品牌商品券
SiChange(芯昌科技),16222,https://list.szlcsc.com/brand/16222.html,满16减15,满16减15,其它限制,15元芯昌科技品牌商品券
MyAntenna(摩天射频),16013,https://list.szlcsc.com/brand/16013.html,满16减15,满16减15,其它限制,15元摩天射频品牌商品券
LinkMems(聆麦声学),15302,https://list.szlcsc.com/brand/15302.html,满16减15,满16减15,品牌新人,<品牌新人>15元聆麦声学品牌商品券
Consensic(康森斯克),12162,https://list.szlcsc.com/brand/12162.html,满16减15,满16减15,其它限制,15元康森斯克品牌商品券
KTP(科泰普),15592,https://list.szlcsc.com/brand/15592.html,满16减15,满16减15,其它限制,15元科泰普品牌商品券
everanalog(申风),1207,https://list.szlcsc.com/brand/1207.html,满16减15,满16减15,品牌新人,<品牌新人>15元申风品牌商品券
XDS(芯鼎盛),11758,https://list.szlcsc.com/brand/11758.html,满16减15,满16减15,其它限制,15元芯鼎盛品牌商品券
TDSEMIC(拓电半导体),16094,https://list.szlcsc.com/brand/16094.html,满16减15,满16减15,品牌新人,<品牌新人>15元拓电半导体品牌商品券
LX(连欣科技),15466,https://list.szlcsc.com/brand/15466.html,满30减15,其它金额,品牌新人,<品牌新人>15元连欣科技品牌商品券
Ckmtw(灿科盟),1262,https://list.szlcsc.com/brand/1262.html,满20减15,其它金额,其它限制,15元灿科盟品牌商品券
APV(爱普微),15280,https://list.szlcsc.com/brand/15280.html,满16减15,满16减15,其它限制,15元爱普微品牌商品券
Yuandi(元迪),12165,https://list.szlcsc.com/brand/12165.html,满16减15,满16减15,其它限制,15元元迪品牌商品券
RUILON(瑞隆源),1117,https://list.szlcsc.com/brand/1117.html,满16减15,满16减15,其它限制,15元瑞隆源品牌商品券
High Diode(海德),12101,https://list.szlcsc.com/brand/12101.html,满16减15,满16减15,其它限制,15元海德品牌商品券
HENIPER(恒浦),11566,https://list.szlcsc.com/brand/11566.html,满16减15,满16减15,其它限制,15元恒浦品牌商品券
KYX(凯越翔),11898,https://list.szlcsc.com/brand/11898.html,满16减15,满16减15,其它限制,15元凯越翔品牌商品券
Khon(康宏电子),17159,https://list.szlcsc.com/brand/17159.html,满16减15,满16减15,其它限制,15元康宏电子品牌商品券
LX(灵星芯微),15920,https://list.szlcsc.com/brand/15920.html,满16减15,满16减15,其它限制,15元灵星芯微品牌商品券
HCTL(华灿天禄),12732,https://list.szlcsc.com/brand/12732.html,满16减15,满16减15,其它限制,15元华灿天禄品牌商品券
HYHONGYEX(宏业),12450,https://list.szlcsc.com/brand/12450.html,满16减15,满16减15,品牌新人,<品牌新人>15元宏业品牌商品券
ElecSuper(静芯),14038,https://list.szlcsc.com/brand/14038.html,满16减15,满16减15,其它限制,15元静芯品牌商品券
GUOCONN(国连),24427,https://list.szlcsc.com/brand/24427.html,满16减15,满16减15,其它限制,15元国连品牌商品券
XUNDA(讯答),15535,https://list.szlcsc.com/brand/15535.html,满16减15,满16减15,其它限制,15元讯答品牌商品券
Waferbest(匠芯微),17395,https://list.szlcsc.com/brand/17395.html,满16减15,满16减15,品牌新人,<品牌新人>15元匠芯微品牌商品券
VISOM,12425,https://list.szlcsc.com/brand/12425.html,满16减15,满16减15,其它限制,15元VISOM品牌商品券
Forsinve(福芯微),15272,https://list.szlcsc.com/brand/15272.html,满16减15,满16减15,其它限制,15元福芯微品牌商品券
Zhongke Wireless(中科无线),25253,https://list.szlcsc.com/brand/25253.html,满16减15,满16减15,其它限制,15元中科无线品牌商品券
luJing(鲁晶),18832,https://list.szlcsc.com/brand/18832.html,满20减15,其它金额,其它限制,15元鲁晶品牌商品券
Zoomdo(震东电子),18366,https://list.szlcsc.com/brand/18366.html,满30减15,其它金额,其它限制,15元震东电子品牌商品券
GTL-POWER(冠图电子),11739,https://list.szlcsc.com/brand/11739.html,满16减15,满16减15,品牌新人,<品牌新人>15元冠图电子品牌商品券
ZOEYGO(中逸光),11876,https://list.szlcsc.com/brand/11876.html,满16减15,满16减15,品牌新人,<品牌新人>15元中逸光品牌商品券
XNRUSEMI(新锐),17409,https://list.szlcsc.com/brand/17409.html,满16减15,满16减15,其它限制,15元新锐品牌商品券
如般微,18504,https://list.szlcsc.com/brand/18504.html,满20减15,其它金额,其它限制,15元如般微品牌商品券
UNI-SEMIC(宇力半导体),11999,https://list.szlcsc.com/brand/11999.html,满16减15,满16减15,其它限制,15元宇力半导体品牌商品券
DORABO(地博电气),11964,https://list.szlcsc.com/brand/11964.html,满16减15,满16减15,其它限制,15元地博电气品牌商品券
GOSEMICON(顾邦半导体),15325,https://list.szlcsc.com/brand/15325.html,满20减15,其它金额,其它限制,15元顾邦半导体品牌商品券
QNHCHIP(乾能惠),17333,https://list.szlcsc.com/brand/17333.html,满16减15,满16减15,品牌新人,<品牌新人>15元乾能惠品牌商品券
Vollgo(沃进),12356,https://list.szlcsc.com/brand/12356.html,满16减15,满16减15,其它限制,15元沃进品牌商品券
JGHC(晶光华),11947,https://list.szlcsc.com/brand/11947.html,满16减15,满16减15,品牌新人,<品牌新人>15元晶光华品牌商品券
WALSON(万盛),18304,https://list.szlcsc.com/brand/18304.html,满1000减10,其它金额,其它限制,10元万盛品牌运费券
ElecSuper(静芯),14038,https://list.szlcsc.com/brand/14038.html,满36减10,其它金额,其它限制,10元静芯品牌运费券
APV(爱普微),15280,https://list.szlcsc.com/brand/15280.html,满55减9,其它金额,其它限制,9元爱普微品牌运费券
XBLW(芯伯乐),15584,https://list.szlcsc.com/brand/15584.html,满50减9,其它金额,其它限制,9元芯伯乐品牌运费券
HXY MOSFET(华轩阳电子),13437,https://list.szlcsc.com/brand/13437.html,满88减8,其它金额,其它限制,8元华轩阳电子品牌运费券
G-Switch(品赞),12389,https://list.szlcsc.com/brand/12389.html,满88减8,其它金额,其它限制,8元品赞品牌运费券
HMTCONN(华明通),17129,https://list.szlcsc.com/brand/17129.html,满100减8,其它金额,其它限制,8元华明通品牌运费券
XYECONN(辛译),15593,https://list.szlcsc.com/brand/15593.html,满88减8,其它金额,其它限制,8元辛译品牌运费券
ROCPU Switches(台普),12574,https://list.szlcsc.com/brand/12574.html,满58减8,其它金额,其它限制,8元台普品牌运费券
XUNPU(讯普),11687,https://list.szlcsc.com/brand/11687.html,满80减8,其它金额,其它限制,8元讯普品牌运费券
GUOCONN(国连),24427,https://list.szlcsc.com/brand/24427.html,满58减8,其它金额,其它限制,8元国连品牌运费券
BXCONN(宝讯),16108,https://list.szlcsc.com/brand/16108.html,满100减7,其它金额,其它限制,7元宝讯品牌运费券
hanxia(韩下),14053,https://list.szlcsc.com/brand/14053.html,满20减6,其它金额,其它限制,6元韩下品牌运费券
WXNSIC(国硅集成),15349,https://list.szlcsc.com/brand/15349.html,满200减6,其它金额,其它限制,6元国硅集成品牌运费券
LUTE(陆特),15464,https://list.szlcsc.com/brand/15464.html,满10减6,其它金额,其它限制,6元陆特品牌运费券
HC(华橙熊猫),26942,https://list.szlcsc.com/brand/26942.html,满100减6,其它金额,其它限制,6元华橙熊猫品牌运费券
康深,13447,https://list.szlcsc.com/brand/13447.html,满500减6,其它金额,其它限制,6元康深品牌运费券
JXTCONN(聚兴泰),16624,https://list.szlcsc.com/brand/16624.html,满50减6,其它金额,其它限制,6元聚兴泰品牌运费券
ZGWD(温达电子),16617,https://list.szlcsc.com/brand/16617.html,满100减6,其它金额,其它限制,6元温达电子品牌运费券
SHOU HAN(首韩),11955,https://list.szlcsc.com/brand/11955.html,满30减6,其它金额,其它限制,6元首韩品牌运费券
MDD(辰达半导体),164,https://list.szlcsc.com/brand/164.html,满6减0,其它金额,其它限制,指定物料专属9折券
ARK(方舟微),13426,https://list.szlcsc.com/brand/13426.html,满500减0,其它金额,其它限制,方舟微品牌指定类目9.5折折扣券
INGHAi(赢海),11537,https://list.szlcsc.com/brand/11537.html,满500减0,其它金额,其它限制,赢海品牌9.5折折扣券
,,,满30000减400,其它金额,其它限制,400元合作库存专属商品券
HC(虹成电子),15376,https://list.szlcsc.com/brand/15376.html,满1000减200,其它金额,其它限制,200元虹成电子品牌商品券
cjiang(长江微电),11425,https://list.szlcsc.com/brand/11425.html,满1000减150,其它金额,其它限制,150元长江微电品牌商品券
HC(华橙熊猫),26942,https://list.szlcsc.com/brand/26942.html,满1000减150,其它金额,其它限制,150元华橙熊猫品牌商品券
HOOYA(皓宇电子),11587,https://list.szlcsc.com/brand/11587.html,满500减150,其它金额,其它限制,150元皓宇电子品牌商品券
Legion(六钧),11729,https://list.szlcsc.com/brand/11729.html,满500减150,其它金额,其它限制,150元六钧品牌商品券
SUNMATE(森美特),1195,https://list.szlcsc.com/brand/1195.html,满1000减150,其它金额,其它限制,150元森美特品牌商品券
YJYCOIN(益嘉源),11837,https://list.szlcsc.com/brand/11837.html,满1000减150,其它金额,其它限制,150元益嘉源品牌商品券
SXN(顺翔诺),11353,https://list.szlcsc.com/brand/11353.html,满1000减150,其它金额,其它限制,150元顺翔诺品牌商品券
XDS(芯鼎盛),11758,https://list.szlcsc.com/brand/11758.html,满1000减150,其它金额,其它限制,150元芯鼎盛品牌商品券
Dersonic(德尔创),11570,https://list.szlcsc.com/brand/11570.html,满1000减120,其它金额,其它限制,120元德尔创品牌商品券
SDAPO(达普),15309,https://list.szlcsc.com/brand/15309.html,满2000减120,其它金额,其它限制,120元达普品牌商品券
SRD(圣融达),1056,https://list.szlcsc.com/brand/1056.html,满1000减100,其它金额,其它限制,100元圣融达品牌商品券
FOSAN(富捷/富信),13045,https://list.szlcsc.com/brand/13045.html,满1000减100,其它金额,其它限制,100元富信品牌商品券
G-Switch(品赞),12389,https://list.szlcsc.com/brand/12389.html,满1000减100,其它金额,其它限制,100元品赞品牌商品券
JIERR(捷而瑞),18279,https://list.szlcsc.com/brand/18279.html,满1000减100,其它金额,其它限制,100元捷而瑞品牌商品券
SILION(芯联创展),15342,https://list.szlcsc.com/brand/15342.html,满1000减100,其它金额,其它限制,100元芯联创展品牌商品券
TECH PUBLIC(台舟),12241,https://list.szlcsc.com/brand/12241.html,满1000减100,其它金额,其它限制,100元台舟品牌商品券
RESI(开步睿思),11761,https://list.szlcsc.com/brand/11761.html,满1000减100,其它金额,其它限制,100元开步睿思品牌商品券
CBI(创基),12689,https://list.szlcsc.com/brand/12689.html,满1000减100,其它金额,其它限制,100元创基品牌商品券
DOINGTER(杜因特),16607,https://list.szlcsc.com/brand/16607.html,满1000减100,其它金额,其它限制,100元杜因特品牌商品券
DLL(德利),15765,https://list.szlcsc.com/brand/15765.html,满1000减100,其它金额,其它限制,100元德利品牌商品券
XUNPU(讯普),11687,https://list.szlcsc.com/brand/11687.html,满1000减100,其它金额,其它限制,100元讯普品牌商品券
HeYangTek(扬贺扬),15359,https://list.szlcsc.com/brand/15359.html,满1000减100,其它金额,其它限制,100元扬贺扬品牌商品券
Slkor(萨科微),11608,https://list.szlcsc.com/brand/11608.html,满1000减100,其它金额,其它限制,100元萨科微品牌商品券
YWF(宇文发),26864,https://list.szlcsc.com/brand/26864.html,满1000减100,其它金额,其它限制,100元宇文发品牌商品券
R+O(宏嘉诚),15352,https://list.szlcsc.com/brand/15352.html,满1000减100,其它金额,其它限制,100元宏嘉诚品牌商品券
DDF(鼎德丰),24095,https://list.szlcsc.com/brand/24095.html,满1000减100,其它金额,其它限制,100元鼎德丰品牌商品券
JSMSEMI(杰盛微),12313,https://list.szlcsc.com/brand/12313.html,满1000减100,其它金额,其它限制,100元杰盛微品牌商品券
CND-tek(磁联达),12021,https://list.szlcsc.com/brand/12021.html,满1000减100,其它金额,其它限制,100元磁联达品牌商品券
JUXING(钜兴),13374,https://list.szlcsc.com/brand/13374.html,满500减100,其它金额,其它限制,100元钜兴品牌商品券
Siliup(矽普),15945,https://list.szlcsc.com/brand/15945.html,满1000减100,其它金额,其它限制,100元矽普品牌商品券
SOFNG(硕方),1218,https://list.szlcsc.com/brand/1218.html,满1000减100,其它金额,其它限制,100元硕方品牌商品券
BORN(伯恩半导体),11393,https://list.szlcsc.com/brand/11393.html,满1000减100,其它金额,其它限制,100元伯恩半导体品牌商品券
FAUKU(高芯电子),24398,https://list.szlcsc.com/brand/24398.html,满1000减100,其它金额,其它限制,100元高芯电子品牌商品券
WINSOK(微硕),941,https://list.szlcsc.com/brand/941.html,满300减100,其它金额,其它限制,100元微硕品牌商品券
JS(钜硕电子),349,https://list.szlcsc.com/brand/349.html,满1000减100,其它金额,其它限制,100元钜硕电子品牌商品券
AGMSEMI(芯控源),15179,https://list.szlcsc.com/brand/15179.html,满1000减100,其它金额,其它限制,100元芯控源品牌商品券
BAT WIRELESS(蝙蝠无线),12175,https://list.szlcsc.com/brand/12175.html,满1000减100,其它金额,其它限制,100元蝙蝠无线品牌商品券
MyAntenna(摩天射频),16013,https://list.szlcsc.com/brand/16013.html,满1000减100,其它金额,其它限制,100元摩天射频品牌商品券
APV(爱普微),15280,https://list.szlcsc.com/brand/15280.html,满200减100,其它金额,其它限制,100元爱普微品牌商品券
HCTL(华灿天禄),12732,https://list.szlcsc.com/brand/12732.html,满1000减100,其它金额,其它限制,100元华灿天禄品牌商品券
XUNDA(讯答),15535,https://list.szlcsc.com/brand/15535.html,满1000减100,其它金额,其它限制,100元讯答品牌商品券
Forsinve(福芯微),15272,https://list.szlcsc.com/brand/15272.html,满1000减100,其它金额,其它限制,100元福芯微品牌商品券
YONGYUTAI(永裕泰),13025,https://list.szlcsc.com/brand/13025.html,满1000减85,其它金额,其它限制,85元永裕泰品牌商品券
Sencoch(芯感智),13431,https://list.szlcsc.com/brand/13431.html,满500减80,其它金额,其它限制,80元芯感智品牌商品券
Sunltech(顺磁),11440,https://list.szlcsc.com/brand/11440.html,满1000减80,其它金额,其它限制,80元顺磁品牌商品券
XR(祥如),15267,https://list.szlcsc.com/brand/15267.html,满300减80,其它金额,其它限制,80元祥如品牌商品券
MDD(辰达半导体),164,https://list.szlcsc.com/brand/164.html,满800减60,其它金额,其它限制,60元MDD品牌商品券
韩国韩荣,947,https://list.szlcsc.com/brand/947.html,满500减60,其它金额,其它限制,60元韩国韩荣品牌商品券
精拓金,11735,https://list.szlcsc.com/brand/11735.html,满1000减60,其它金额,其它限制,60元精拓金品牌商品券
晶扬电子,12581,https://list.szlcsc.com/brand/12581.html,满300减60,其它金额,其它限制,60元晶扬电子品牌商品券
FC(方成),13136,https://list.szlcsc.com/brand/13136.html,满600减60,其它金额,其它限制,60元方成品牌商品券
YXC(扬兴晶振),287,https://list.szlcsc.com/brand/287.html,满1000减50,其它金额,其它限制,50元扬兴晶振品牌商品券
STE(松田),11597,https://list.szlcsc.com/brand/11597.html,满300减50,其它金额,其它限制,50元松田品牌商品券
JDTfuse(集电通),419,https://list.szlcsc.com/brand/419.html,满200减50,其它金额,其它限制,50元集电通品牌商品券
HXY MOSFET(华轩阳电子),13437,https://list.szlcsc.com/brand/13437.html,满200减50,其它金额,其它限制,50元华轩阳电子品牌商品券
GOODWORK(固得沃克),12245,https://list.szlcsc.com/brand/12245.html,满200减50,其它金额,其它限制,50元固得沃克品牌商品券
HTCSEMI(海天芯),12706,https://list.szlcsc.com/brand/12706.html,满500减50,其它金额,其它限制,50元海天芯品牌商品券
FUXINSEMI(富芯森美),12406,https://list.szlcsc.com/brand/12406.html,满500减50,其它金额,其它限制,50元富芯森美品牌商品券
RESI(开步睿思),11761,https://list.szlcsc.com/brand/11761.html,满500减50,其它金额,其它限制,50元开步睿思品牌商品券
WF(伟烽),12761,https://list.szlcsc.com/brand/12761.html,满300减50,其它金额,其它限制,50元伟烽品牌商品券
dosinconn(德索五金),12229,https://list.szlcsc.com/brand/12229.html,满500减50,其它金额,其它限制,50元德索五金品牌商品券
BXCONN(宝讯),16108,https://list.szlcsc.com/brand/16108.html,满500减50,其它金额,其它限制,50元宝讯品牌商品券
kinghelm(金航标),11647,https://list.szlcsc.com/brand/11647.html,满500减50,其它金额,其它限制,50元金航标品牌商品券
LXWCONN(连兴旺电子),25051,https://list.szlcsc.com/brand/25051.html,满500减50,其它金额,其它限制,50元连兴旺电子品牌商品券
KUU,13024,https://list.szlcsc.com/brand/13024.html,满500减50,其它金额,其它限制,50元KUU品牌商品券
XTALTQ(恒晶科技),12046,https://list.szlcsc.com/brand/12046.html,满500减50,其它金额,其它限制,50元恒晶科技品牌商品券
Starwave(思大),12464,https://list.szlcsc.com/brand/12464.html,满500减50,其它金额,其它限制,50元思大品牌商品券
HenryTech(恒利泰),15271,https://list.szlcsc.com/brand/15271.html,满200减50,其它金额,其它限制,50元恒利泰品牌商品券
FTR(乔光电子),12317,https://list.szlcsc.com/brand/12317.html,满1000减50,其它金额,其它限制,50元乔光电子品牌商品券
WingTAT(格林柏),15171,https://list.szlcsc.com/brand/15171.html,满500减50,其它金额,其它限制,50元格林柏品牌商品券
众驰电子,12454,https://list.szlcsc.com/brand/12454.html,满200减50,其它金额,其它限制,50元众驰电子品牌商品券
ROCPU Switches(台普),12574,https://list.szlcsc.com/brand/12574.html,满300减50,其它金额,其它限制,50元台普品牌商品券
XBLW(芯伯乐),15584,https://list.szlcsc.com/brand/15584.html,满500减50,其它金额,其它限制,50元芯伯乐品牌商品券
GMIC(绿微),18721,https://list.szlcsc.com/brand/18721.html,满500减50,其它金额,其它限制,50元绿微品牌商品券
R+O(宏嘉诚),15352,https://list.szlcsc.com/brand/15352.html,满200减50,其它金额,其它限制,50元宏嘉诚品牌商品券
BHFUSE(佰宏),12424,https://list.szlcsc.com/brand/12424.html,满500减50,其它金额,其它限制,50元佰宏品牌商品券
Megastar(兆星),15340,https://list.szlcsc.com/brand/15340.html,满500减50,其它金额,其它限制,50元兆星品牌商品券
Bossie(博锡),15538,https://list.szlcsc.com/brand/15538.html,满500减50,其它金额,其它限制,50元博锡品牌商品券
国星光电,966,https://list.szlcsc.com/brand/966.html,满200减50,其它金额,其它限制,50元国星光电品牌商品券
LUTE(陆特),15464,https://list.szlcsc.com/brand/15464.html,满200减50,其它金额,其它限制,50元陆特品牌商品券
TWGMC(迪嘉),12376,https://list.szlcsc.com/brand/12376.html,满300减50,其它金额,其它限制,50元迪嘉品牌商品券
MSKSEMI(美森科),12667,https://list.szlcsc.com/brand/12667.html,满500减50,其它金额,其它限制,50元美森科品牌商品券
DDF(鼎德丰),24095,https://list.szlcsc.com/brand/24095.html,满500减50,其它金额,其它限制,50元鼎德丰品牌商品券
Nyfea(徕飞),17208,https://list.szlcsc.com/brand/17208.html,满200减50,其它金额,其它限制,50元徕飞品牌商品券
HMTCONN(华明通),17129,https://list.szlcsc.com/brand/17129.html,满200减50,其它金额,其它限制,50元华明通品牌商品券
XINGLIGHT(成兴光),12469,https://list.szlcsc.com/brand/12469.html,满500减50,其它金额,其它限制,50元成兴光品牌商品券
JETEKPS(健特),11954,https://list.szlcsc.com/brand/11954.html,满300减50,其它金额,其它限制,50元健特品牌商品券
YFW(佑风微),12510,https://list.szlcsc.com/brand/12510.html,满500减50,其它金额,其它限制,50元佑风微品牌商品券
NH(纽航),15356,https://list.szlcsc.com/brand/15356.html,满500减50,其它金额,其它限制,50元纽航品牌商品券
TUOZHAN(拓展光电),12297,https://list.szlcsc.com/brand/12297.html,满500减50,其它金额,其它限制,50元拓展光电品牌商品券
Amicc(欧密格光电),12329,https://list.szlcsc.com/brand/12329.html,满300减50,其它金额,其它限制,50元欧密格光电品牌商品券
TOGIALED(统佳),11541,https://list.szlcsc.com/brand/11541.html,满200减50,其它金额,其它限制,50元统佳品牌商品券
AOTE(奥特),15783,https://list.szlcsc.com/brand/15783.html,满500减50,其它金额,其它限制,50元奥特品牌商品券
Hengtuo(恒拓电子),16616,https://list.szlcsc.com/brand/16616.html,满500减50,其它金额,其它限制,50元恒拓电子品牌商品券
DreamLNK(骏晔科技),11933,https://list.szlcsc.com/brand/11933.html,满1000减50,其它金额,其它限制,50元骏晔科技品牌商品券
HANBO(汉博),12025,https://list.szlcsc.com/brand/12025.html,满500减50,其它金额,其它限制,50元汉博品牌商品券
BNstar(比诺星),12606,https://list.szlcsc.com/brand/12606.html,满200减50,其它金额,其它限制,50元比诺星品牌商品券
CAX(创都),12353,https://list.szlcsc.com/brand/12353.html,满500减50,其它金额,其它限制,50元创都品牌商品券
ceaiya(柯爱亚),12191,https://list.szlcsc.com/brand/12191.html,满500减50,其它金额,其它限制,50元柯爱亚品牌商品券
MEIHUA(美华),11965,https://list.szlcsc.com/brand/11965.html,满500减50,其它金额,其它限制,50元美华品牌商品券
Coilank(驰兴电感),11602,https://list.szlcsc.com/brand/11602.html,满200减50,其它金额,其它限制,50元驰兴电感品牌商品券
FAUKU(高芯电子),24398,https://list.szlcsc.com/brand/24398.html,满200减50,其它金额,其它限制,50元高芯电子品牌商品券
SUPSiC(国晶微半导体),12612,https://list.szlcsc.com/brand/12612.html,满500减50,其它金额,其它限制,50元国晶微半导体品牌商品券
HONOR(荣誉),991,https://list.szlcsc.com/brand/991.html,满200减50,其它金额,其它限制,50元荣誉品牌商品券
Econd(米朗电子),18256,https://list.szlcsc.com/brand/18256.html,满200减50,其它金额,其它限制,50元米朗电子品牌商品券
HEERMICR(赫尔半导体),12343,https://list.szlcsc.com/brand/12343.html,满200减50,其它金额,其它限制,50元赫尔半导体品牌商品券
ChengTao(诚韬),17513,https://list.szlcsc.com/brand/17513.html,满200减50,其它金额,其它限制,50元诚韬品牌商品券
baocheng(宝乘),11854,https://list.szlcsc.com/brand/11854.html,满200减50,其它金额,其它限制,50元宝乘品牌商品券
Hottech(合科泰),11439,https://list.szlcsc.com/brand/11439.html,满500减50,其它金额,其它限制,50元合科泰品牌商品券
KTP(科泰普),15592,https://list.szlcsc.com/brand/15592.html,满500减50,其它金额,其它限制,50元科泰普品牌商品券
TDSEMIC(拓电半导体),16094,https://list.szlcsc.com/brand/16094.html,满500减50,其它金额,其它限制,50元拓电半导体品牌商品券
LX(连欣科技),15466,https://list.szlcsc.com/brand/15466.html,满500减50,其它金额,其它限制,50元连欣科技品牌商品券
Ckmtw(灿科盟),1262,https://list.szlcsc.com/brand/1262.html,满500减50,其它金额,其它限制,50元灿科盟品牌商品券
RUILON(瑞隆源),1117,https://list.szlcsc.com/brand/1117.html,满500减50,其它金额,其它限制,50元瑞隆源品牌商品券
ElecSuper(静芯),14038,https://list.szlcsc.com/brand/14038.html,满200减50,其它金额,其它限制,50元静芯品牌商品券
GUOCONN(国连),24427,https://list.szlcsc.com/brand/24427.html,满500减50,其它金额,其它限制,50元国连品牌商品券
luJing(鲁晶),18832,https://list.szlcsc.com/brand/18832.html,满500减50,其它金额,其它限制,50元鲁晶品牌商品券
DORABO(地博电气),11964,https://list.szlcsc.com/brand/11964.html,满300减50,其它金额,其它限制,50元地博电气品牌商品券
JGHC(晶光华),11947,https://list.szlcsc.com/brand/11947.html,满500减50,其它金额,其它限制,50元晶光华品牌商品券
GOSEMICON(顾邦半导体),15325,https://list.szlcsc.com/brand/15325.html,满500减50,其它金额,其它限制,50元顾邦半导体品牌商品券
HanElectricity(瀚源),15277,https://list.szlcsc.com/brand/15277.html,满500减40,其它金额,其它限制,40元瀚源品牌商品券
MK(米客方德),11930,https://list.szlcsc.com/brand/11930.html,满1000减40,其它金额,其它限制,40元米客方德品牌商品券
LGE(鲁光),11743,https://list.szlcsc.com/brand/11743.html,满100减35,其它金额,其它限制,35元鲁光品牌商品券
EVISUN(易成),15453,https://list.szlcsc.com/brand/15453.html,满500减35,其它金额,其它限制,35元易成品牌商品券
YLPTEC(易川),13306,https://list.szlcsc.com/brand/13306.html,满500减35,其它金额,其它限制,35元易川品牌商品券
TDD(台冠电子),13178,https://list.szlcsc.com/brand/13178.html,满100减35,其它金额,其它限制,35元台冠电子品牌商品券
APSEMI(先进光),17375,https://list.szlcsc.com/brand/17375.html,满100减30,其它金额,其它限制,30元先进光品牌商品券
HOAUC(华宇创),11834,https://list.szlcsc.com/brand/11834.html,满300减30,其它金额,其它限制,30元华宇创品牌商品券
JIERR(捷而瑞),18279,https://list.szlcsc.com/brand/18279.html,满200减30,其它金额,其它限制,30元捷而瑞品牌商品券
SILION(芯联创展),15342,https://list.szlcsc.com/brand/15342.html,满300减30,其它金额,其它限制,30元芯联创展品牌商品券
JARSON(伽盛),13495,https://list.szlcsc.com/brand/13495.html,满200减30,其它金额,其它限制,30元伽盛品牌商品券
Huixin(慧芯),13318,https://list.szlcsc.com/brand/13318.html,满100减30,其它金额,其它限制,30元慧芯品牌商品券
Zhongdi(众迪),15966,https://list.szlcsc.com/brand/15966.html,满300减30,其它金额,其它限制,30元众迪品牌商品券
Zhengxin(正芯),13493,https://list.szlcsc.com/brand/13493.html,满300减30,其它金额,其它限制,30元正芯品牌商品券
ZHIDE(志得),12520,https://list.szlcsc.com/brand/12520.html,满200减30,其它金额,其它限制,30元志得品牌商品券
HeYangTek(扬贺扬),15359,https://list.szlcsc.com/brand/15359.html,满300减30,其它金额,其它限制,30元扬贺扬品牌商品券
CAZN(正成),15353,https://list.szlcsc.com/brand/15353.html,满200减30,其它金额,其它限制,30元正成品牌商品券
MEGSINE(兆讯),17325,https://list.szlcsc.com/brand/17325.html,满300减30,其它金额,其它限制,30元兆讯品牌商品券
cntitle(中戈泰斗),15742,https://list.szlcsc.com/brand/15742.html,满200减30,其它金额,其它限制,30元中戈泰斗品牌商品券
KANGNEX(康奈克斯电气),11478,https://list.szlcsc.com/brand/11478.html,满300减30,其它金额,其它限制,30元康奈克斯电气品牌商品券
AnBon(安邦),11549,https://list.szlcsc.com/brand/11549.html,满200减30,其它金额,其它限制,30元安邦品牌商品券
PROD(谱罗德),12072,https://list.szlcsc.com/brand/12072.html,满200减30,其它金额,其它限制,30元谱罗德品牌指定类目商品券
Leiditech(雷卯电子),11948,https://list.szlcsc.com/brand/11948.html,满200减30,其它金额,其它限制,30元雷卯电子品牌商品券
ZE(增益),12475,https://list.szlcsc.com/brand/12475.html,满200减30,其它金额,其它限制,30元增益品牌商品券
康深,13447,https://list.szlcsc.com/brand/13447.html,满200减30,其它金额,其它限制,30元康深品牌商品券
Semiwell(矽门微),17296,https://list.szlcsc.com/brand/17296.html,满200减30,其它金额,其它限制,30元矽门微品牌商品券
yezhan(业展),12113,https://list.szlcsc.com/brand/12113.html,满200减30,其它金额,其它限制,30元业展品牌商品券
SPTECH(深圳质超),12137,https://list.szlcsc.com/brand/12137.html,满300减30,其它金额,其它限制,30元深圳质超品牌商品券
CENKER(岑科),11869,https://list.szlcsc.com/brand/11869.html,满100减30,其它金额,其它限制,30元岑科品牌商品券
LKWIC(瓴科微),15752,https://list.szlcsc.com/brand/15752.html,满100减30,其它金额,其它限制,30元瓴科微品牌商品券
Siliup(矽普),15945,https://list.szlcsc.com/brand/15945.html,满500减30,其它金额,其它限制,30元矽普品牌商品券
SHIKUES(时科),1138,https://list.szlcsc.com/brand/1138.html,满200减30,其它金额,其它限制,30元时科品牌商品券
ABC(千如),13155,https://list.szlcsc.com/brand/13155.html,满200减30,其它金额,其它限制,30元千如品牌商品券
hanxia(韩下),14053,https://list.szlcsc.com/brand/14053.html,满200减30,其它金额,其它限制,30元韩下品牌商品券
XFCN(兴飞),12130,https://list.szlcsc.com/brand/12130.html,满200减30,其它金额,其它限制,30元兴飞品牌商品券
Liown(里阳半导体),12139,https://list.szlcsc.com/brand/12139.html,满200减30,其它金额,其它限制,30元里阳半导体品牌商品券
WXNSIC(国硅集成),15349,https://list.szlcsc.com/brand/15349.html,满200减30,其它金额,其它限制,30元国硅集成品牌商品券
USAKRO(美韩),12164,https://list.szlcsc.com/brand/12164.html,满200减30,其它金额,其它限制,30元美韩品牌商品券
SM Switch,12572,https://list.szlcsc.com/brand/12572.html,满200减30,其它金额,其它限制,30元SM Switch品牌商品券
SHOU HAN(首韩),11955,https://list.szlcsc.com/brand/11955.html,满500减30,其它金额,其它限制,30元首韩品牌商品券
FG(富港),12635,https://list.szlcsc.com/brand/12635.html,满200减30,其它金额,其它限制,30元富港品牌商品券
SOREDE(索瑞达),12685,https://list.szlcsc.com/brand/12685.html,满200减30,其它金额,其它限制,30元索瑞达品牌商品券
XCH(旭昌辉),13273,https://list.szlcsc.com/brand/13273.html,满200减30,其它金额,其它限制,30元旭昌辉品牌商品券
YWF(宇文发),26864,https://list.szlcsc.com/brand/26864.html,满200减30,其它金额,其它限制,30元宇文发品牌商品券
SOSET(索斯特),13181,https://list.szlcsc.com/brand/13181.html,满200减30,其它金额,其它限制,30元索斯特品牌商品券
HCI(杭晶),12047,https://list.szlcsc.com/brand/12047.html,满200减30,其它金额,其它限制,30元杭晶品牌商品券
NJGW(南京国微),12579,https://list.szlcsc.com/brand/12579.html,满200减30,其它金额,其它限制,30元南京国微品牌商品券
EVERCOM(恒连),13455,https://list.szlcsc.com/brand/13455.html,满200减30,其它金额,其它限制,30元恒连品牌商品券
YJX(雅晶鑫),1181,https://list.szlcsc.com/brand/1181.html,满200减30,其它金额,其它限制,30元雅晶鑫品牌指定类目商品券
MetalLions(美铼),365,https://list.szlcsc.com/brand/365.html,满200减30,其它金额,其它限制,30元美铼品牌商品券
LinkMems(聆麦声学),15302,https://list.szlcsc.com/brand/15302.html,满200减30,其它金额,其它限制,30元聆麦声学品牌商品券
everanalog(申风),1207,https://list.szlcsc.com/brand/1207.html,满200减30,其它金额,其它限制,30元申风品牌商品券
Yuandi(元迪),12165,https://list.szlcsc.com/brand/12165.html,满300减30,其它金额,其它限制,30元元迪品牌商品券
LX(灵星芯微),15920,https://list.szlcsc.com/brand/15920.html,满200减30,其它金额,其它限制,30元灵星芯微品牌商品券
XNRUSEMI(新锐),17409,https://list.szlcsc.com/brand/17409.html,满300减30,其它金额,其它限制,30元新锐品牌商品券
Tudi(钍地半导体),16038,https://list.szlcsc.com/brand/16038.html,满100减30,其它金额,其它限制,30元钍地半导体品牌商品券
HOOYA(皓宇电子),11587,https://list.szlcsc.com/brand/11587.html,满50减25,其它金额,其它限制,25元皓宇电子品牌商品券
SAMZO(三佐),16226,https://list.szlcsc.com/brand/16226.html,满100减25,其它金额,其它限制,25元三佐品牌商品券
Cmos(广东场效应半导体),15188,https://list.szlcsc.com/brand/15188.html,满100减25,其它金额,其它限制,25元广东场效应半导体品牌商品券
LR(朗瑞),11995,https://list.szlcsc.com/brand/11995.html,满50减25,其它金额,其它限制,25元朗瑞品牌商品券
JIERONG(捷容),12460,https://list.szlcsc.com/brand/12460.html,满26减25,其它金额,其它限制,25元捷容品牌商品券
Truesemi(信安),11939,https://list.szlcsc.com/brand/11939.html,满100减25,其它金额,其它限制,25元信安品牌商品券
HC(虹成电子),15376,https://list.szlcsc.com/brand/15376.html,满21减20,满21减20,其它限制,20元虹成电子品牌商品券
JDTfuse(集电通),419,https://list.szlcsc.com/brand/419.html,满21减20,满21减20,其它限制,20元集电通品牌商品券
HXY MOSFET(华轩阳电子),13437,https://list.szlcsc.com/brand/13437.html,满21减20,满21减20,其它限制,20元华轩阳电子品牌商品券
EVISUN(易成),15453,https://list.szlcsc.com/brand/15453.html,满21减20,满21减20,其它限制,20元易成品牌商品券
suntek(洺太电子),12518,https://list.szlcsc.com/brand/12518.html,满100减20,其它金额,其它限制,20元洺太电子品牌商品券
Legion(六钧),11729,https://list.szlcsc.com/brand/11729.html,满30减20,其它金额,其它限制,20元六钧品牌商品券
CBI(创基),12689,https://list.szlcsc.com/brand/12689.html,满21减20,满21减20,品牌新人,<品牌新人>20元创基品牌商品券
kinghelm(金航标),11647,https://list.szlcsc.com/brand/11647.html,满21减20,满21减20,商城新人,<商城新人>20元金航标品牌商品券
JLYE(晶力源),18554,https://list.szlcsc.com/brand/18554.html,满21减20,满21减20,其它限制,20元晶力源品牌指定类目商品券
CX(长兴),15818,https://list.szlcsc.com/brand/15818.html,满30减20,其它金额,其它限制,20元长兴品牌商品券
CAZN(正成),15353,https://list.szlcsc.com/brand/15353.html,满21减20,满21减20,其它限制,20元正成品牌商品券
YWF(宇文发),26864,https://list.szlcsc.com/brand/26864.html,满21减20,满21减20,其它限制,20元宇文发品牌商品券
皇捷,12507,https://list.szlcsc.com/brand/12507.html,满100减20,其它金额,其它限制,20元皇捷品牌商品券
R+O(宏嘉诚),15352,https://list.szlcsc.com/brand/15352.html,满21减20,满21减20,品牌新人,<品牌新人>20元宏嘉诚品牌商品券
JXTCONN(聚兴泰),16624,https://list.szlcsc.com/brand/16624.html,满100减20,其它金额,其它限制,20元聚兴泰品牌商品券
XYECONN(辛译),15593,https://list.szlcsc.com/brand/15593.html,满100减20,其它金额,其它限制,20元辛译品牌商品券
MK(米客方德),11930,https://list.szlcsc.com/brand/11930.html,满21减20,满21减20,其它限制,20元米客方德品牌商品券
SUNLIGHT(光华),11540,https://list.szlcsc.com/brand/11540.html,满100减20,其它金额,其它限制,20元光华品牌商品券
ReSine PS(瑞鑫),15768,https://list.szlcsc.com/brand/15768.html,满100减20,其它金额,其它限制,20元瑞鑫品牌商品券
YLPTEC(易川),13306,https://list.szlcsc.com/brand/13306.html,满21减20,满21减20,其它限制,20元易川品牌商品券
BNstar(比诺星),12606,https://list.szlcsc.com/brand/12606.html,满21减20,满21减20,品牌新人,<品牌新人>20元比诺星品牌商品券
HYP(鸿源精密),11586,https://list.szlcsc.com/brand/11586.html,满200减20,其它金额,其它限制,20元鸿源精密品牌商品券
LanTu Micro(蓝图微电),14041,https://list.szlcsc.com/brand/14041.html,满100减20,其它金额,其它限制,20元蓝图微电品牌商品券
ZHHXDZ(海芯电子),825,https://list.szlcsc.com/brand/825.html,满100减20,其它金额,其它限制,20元海芯电子品牌商品券
SHOU HAN(首韩),11955,https://list.szlcsc.com/brand/11955.html,满21减20,满21减20,其它限制,20元首韩品牌商品券
SHETIME(高钺达),25186,https://list.szlcsc.com/brand/25186.html,满100减20,其它金额,其它限制,20元高钺达品牌商品券
ZGWD(温达电子),16617,https://list.szlcsc.com/brand/16617.html,满21减20,满21减20,品牌新人,<品牌新人>20元温达电子品牌商品券
minos(迈诺斯),13052,https://list.szlcsc.com/brand/13052.html,满100减20,其它金额,其它限制,20元迈诺斯品牌商品券
SCTF(星通时频),11630,https://list.szlcsc.com/brand/11630.html,满200减20,其它金额,其它限制,20元星通时频品牌商品券
DEALON(德艺隆),13026,https://list.szlcsc.com/brand/13026.html,满200减20,其它金额,其它限制,20元德艺隆品牌商品券
LR(朗瑞),11995,https://list.szlcsc.com/brand/11995.html,满21减20,满21减20,其它限制,20元朗瑞品牌商品券
MINTRON(明硕),11880,https://list.szlcsc.com/brand/11880.html,满50减20,其它金额,其它限制,20元明硕品牌商品券
AGMSEMI(芯控源),15179,https://list.szlcsc.com/brand/15179.html,满100减20,其它金额,其它限制,20元芯控源品牌商品券
,,,满1减6,其它金额,其它限制,运费券丨京东快递
,,,满11减10,其它金额,其它限制,工业品商品券
,,,满100减40,其它金额,其它限制,BOM首单现货券
,,,满0减30,其它金额,其它限制,面板定制无门槛券
ST(意法半导体),74,https://list.szlcsc.com/brand/74.html,满10000减150,其它金额,其它限制,ST品牌商品券
TI(德州仪器),100,https://list.szlcsc.com/brand/100.html,满10000减100,其它金额,其它限制,TI品牌商品券
ADI(亚德诺),178,https://list.szlcsc.com/brand/178.html,满5000减200,其它金额,其它限制,ADI品牌商品券
ADI(亚德诺)/MAXIM(美信),234,https://list.szlcsc.com/brand/234.html,满2000减80,其它金额,其它限制,美信品牌商品券
Nexperia(安世),1101,https://list.szlcsc.com/brand/1101.html,满5000减100,其它金额,其它限制,100元安世品牌商品券
VISHAY(威世),91,https://list.szlcsc.com/brand/91.html,满6000减180,其它金额,其它限制,180元威世品牌商品券
EVERLIGHT(亿光),138,https://list.szlcsc.com/brand/138.html,满5000减100,其它金额,其它限制,100元亿光品牌商品券
Broadcom(博通),738,https://list.szlcsc.com/brand/738.html,满6000减150,其它金额,其它限制,150元博通品牌商品券
ST(意法半导体),74,https://list.szlcsc.com/brand/74.html,满50000减800,其它金额,其它限制,800元ST品牌商品券
GigaDevice(兆易创新),457,https://list.szlcsc.com/brand/457.html,满30000减600,其它金额,其它限制,600元兆易创新品牌商品券
BOURNS,377,https://list.szlcsc.com/brand/377.html,满5000减100,其它金额,其它限制,100元BOURNS品牌商品券
AISHI(艾华集团),1052,https://list.szlcsc.com/brand/1052.html,满4000减100,其它金额,其它限制,100元艾华集团品牌商品券
MaxLinear(迈凌),350,https://list.szlcsc.com/brand/350.html,满5000减120,其它金额,其它限制,120元迈凌品牌商品券
Rubycon(红宝石),951,https://list.szlcsc.com/brand/951.html,满4000减100,其它金额,其它限制,100元红宝石品牌商品券
SHARP(夏普),128,https://list.szlcsc.com/brand/128.html,满5000减100,其它金额,其它限制,100元夏普品牌商品券
HTC,262,https://list.szlcsc.com/brand/262.html,满5000减100,其它金额,其它限制,100元HTC品牌商品券
FTDI(飞特帝亚),267,https://list.szlcsc.com/brand/267.html,满10000减200,其它金额,其它限制,200元飞特帝亚品牌商品券
ROHM(罗姆),170,https://list.szlcsc.com/brand/170.html,满5000减200,其它金额,其它限制,200元罗姆品牌商品券
Mini-Circuits,535,https://list.szlcsc.com/brand/535.html,满5000减200,其它金额,其它限制,200元Mini-Circuits品牌商品券
Honeywell(霍尼韦尔),441,https://list.szlcsc.com/brand/441.html,满10000减200,其它金额,其它限制,200元霍尼韦尔品牌商品券
SKYWORKS/SILICON LABS(芯科),197,https://list.szlcsc.com/brand/197.html,满5000减100,其它金额,其它限制,100元芯科品牌商品券
KEMET(基美),435,https://list.szlcsc.com/brand/435.html,满5000减150,其它金额,其它限制,150元基美品牌商品券
TAIYO YUDEN(太诱),392,https://list.szlcsc.com/brand/392.html,满5000减150,其它金额,其它限制,150元太诱品牌商品券
Coilcraft(线艺),826,https://list.szlcsc.com/brand/826.html,满5000减150,其它金额,其它限制,150元线艺品牌商品券
Nichicon(尼吉康),994,https://list.szlcsc.com/brand/994.html,满5000减150,其它金额,其它限制,150元尼吉康品牌商品券
NCC(日本贵弥功),11347,https://list.szlcsc.com/brand/11347.html,满5000减150,其它金额,其它限制,150元日本贵弥功品牌商品券
Seiko(精工),11989,https://list.szlcsc.com/brand/11989.html,满5000减150,其它金额,其它限制,150元精工品牌商品券
PROTEK,746,https://list.szlcsc.com/brand/746.html,满2000减50,其它金额,其它限制,50元PROTEK品牌商品券
KDS(大真空),78,https://list.szlcsc.com/brand/78.html,满2000减50,其它金额,其它限制,50元大真空品牌商品券
pSemi(游隼半导体),1037,https://list.szlcsc.com/brand/1037.html,满2000减50,其它金额,其它限制,50元游隼半导体品牌商品券
,,,满39减10,其它金额,其它限制,10元商品券 | 工业品
HC(虹成电子),15376,https://list.szlcsc.com/brand/15376.html,满100减0,其它金额,其它限制,虹成电子品牌9折折扣券
BXCONN(宝讯),16108,https://list.szlcsc.com/brand/16108.html,满1000减0,其它金额,其它限制,宝讯品牌9.3折折扣券
SXN(顺翔诺),11353,https://list.szlcsc.com/brand/11353.html,满5000减618,其它金额,其它限制,618元顺翔诺品牌商品券
3PEAK(思瑞浦),926,https://list.szlcsc.com/brand/926.html,满1000减200,其它金额,其它限制,200元思瑞浦品牌商品券
KANGNEX(康奈克斯电气),11478,https://list.szlcsc.com/brand/11478.html,满1000减120,其它金额,其它限制,120元康奈克斯电气品牌商品券
YXC(扬兴晶振),287,https://list.szlcsc.com/brand/287.html,满2000减120,其它金额,其它限制,120元扬兴晶振品牌商品券
HXY MOSFET(华轩阳电子),13437,https://list.szlcsc.com/brand/13437.html,满1000减100,其它金额,其它限制,100元华轩阳电子品牌商品券
巴丁微,12372,https://list.szlcsc.com/brand/12372.html,满1000减100,其它金额,其它限制,100元巴丁微品牌商品券
WF(伟烽),12761,https://list.szlcsc.com/brand/12761.html,满1000减100,其它金额,其它限制,100元伟烽品牌商品券
康深,13447,https://list.szlcsc.com/brand/13447.html,满1000减100,其它金额,其它限制,100元康深品牌商品券
ChengTao(诚韬),17513,https://list.szlcsc.com/brand/17513.html,满1000减100,其它金额,其它限制,100元诚韬品牌商品券
UMaxconn(友贸),12006,https://list.szlcsc.com/brand/12006.html,满1000减100,其它金额,其它限制,100元友贸品牌商品券
EVISUN(易成),15453,https://list.szlcsc.com/brand/15453.html,满1000减80,其它金额,其它限制,80元易成品牌商品券
,,,满500减50,其它金额,其它限制,50元商品券 | 工业品
SRD(圣融达),1056,https://list.szlcsc.com/brand/1056.html,满200减50,其它金额,其它限制,50元圣融达品牌商品券
3PEAK(思瑞浦),926,https://list.szlcsc.com/brand/926.html,满100减50,其它金额,其它限制,50元思瑞浦品牌商品券
ROCPU Switches(台普),12574,https://list.szlcsc.com/brand/12574.html,满200减50,其它金额,其它限制,50元台普品牌商品券
AnBon(安邦),11549,https://list.szlcsc.com/brand/11549.html,满500减50,其它金额,其它限制,50元安邦品牌商品券
JARSON(伽盛),13495,https://list.szlcsc.com/brand/13495.html,满200减50,其它金额,其它限制,50元伽盛品牌商品券
Leiditech(雷卯电子),11948,https://list.szlcsc.com/brand/11948.html,满500减50,其它金额,其它限制,50元雷卯电子品牌商品券
PAKER(派克微),13369,https://list.szlcsc.com/brand/13369.html,满300减50,其它金额,其它限制,50元派克微品牌商品券
,,,满200减30,其它金额,其它限制,30元商品券 | 工业品
YXC(扬兴晶振),287,https://list.szlcsc.com/brand/287.html,满600减30,其它金额,其它限制,30元扬兴晶振品牌商品券
Sunltech(顺磁),11440,https://list.szlcsc.com/brand/11440.html,满300减30,其它金额,其它限制,30元顺磁品牌商品券
BXCONN(宝讯),16108,https://list.szlcsc.com/brand/16108.html,满200减30,其它金额,其它限制,30元宝讯品牌商品券
WF(伟烽),12761,https://list.szlcsc.com/brand/12761.html,满200减30,其它金额,其它限制,30元伟烽品牌商品券
MK(米客方德),11930,https://list.szlcsc.com/brand/11930.html,满200减30,其它金额,其它限制,30元米客方德品牌商品券
CTR(长泰尔电子),15461,https://list.szlcsc.com/brand/15461.html,满26减25,其它金额,品牌新人,<品牌新人>25元长泰尔电子品牌商品券
kinghelm(金航标),11647,https://list.szlcsc.com/brand/11647.html,满100减20,其它金额,其它限制,20元金航标品牌商品券
JMEconn(文章济美),18565,https://list.szlcsc.com/brand/18565.html,满100减20,其它金额,其它限制,20元文章济美品牌商品券
Dersonic(德尔创),11570,https://list.szlcsc.com/brand/11570.html,满100减20,其它金额,其它限制,20元德尔创品牌商品券
巴丁微,12372,https://list.szlcsc.com/brand/12372.html,满16减15,满16减15,品牌新人,<品牌新人>15元巴丁微品牌商品券
KANGNEX(康奈克斯电气),11478,https://list.szlcsc.com/brand/11478.html,满16减15,满16减15,其它限制,15元康奈克斯电气品牌商品券
kinghelm(金航标),11647,https://list.szlcsc.com/brand/11647.html,满16减15,满16减15,商城新人,<商城新人>15元金航标品牌商品券
,,,满200减20,其它金额,其它限制,20元工业品运费券
,,,满100减10,其它金额,其它限制,10元工业品运费券
micsig(麦科信),15210,https://list.szlcsc.com/brand/15210.html,满10000减1000,其它金额,其它限制,1000元麦科信品牌工业品券
micsig(麦科信),15210,https://list.szlcsc.com/brand/15210.html,满5000减500,其它金额,其它限制,500元麦科信品牌工业品券
micsig(麦科信),15210,https://list.szlcsc.com/brand/15210.html,满3000减300,其它金额,其它限制,300元麦科信品牌工业品券
CHAOCHUANG(超创),18262,https://list.szlcsc.com/brand/18262.html,满3000减200,其它金额,其它限制,200元超创品牌工业品券
micsig(麦科信),15210,https://list.szlcsc.com/brand/15210.html,满1000减100,其它金额,其它限制,100元麦科信品牌工业品券
Fjordsense(峡感),25626,https://list.szlcsc.com/brand/25626.html,满1500减100,其它金额,其它限制,100元峡感品牌工业品券
MyAntenna(摩天射频),16013,https://list.szlcsc.com/brand/16013.html,满1000减100,其它金额,其它限制,100元摩天射频品牌工业品券
VRK(威尔克),18865,https://list.szlcsc.com/brand/18865.html,满500减80,其它金额,其它限制,80元威尔克品牌工业品券
,,,满2000减60,其它金额,其它限制,60元工业品商品券
HOAUC(华宇创),11834,https://list.szlcsc.com/brand/11834.html,满500减60,其它金额,其它限制,60元华宇创品牌工业品券
JINGXINGTIANCI(净行天磁),18656,https://list.szlcsc.com/brand/18656.html,满2000减60,其它金额,其它限制,60元净行天磁品牌工业品券
XHHD(新宏辉达),24091,https://list.szlcsc.com/brand/24091.html,满500减50,其它金额,其它限制,50元新宏辉达品牌工业品券
AMASS(艾迈斯),1029,https://list.szlcsc.com/brand/1029.html,满1000减50,其它金额,其它限制,50元艾迈斯品牌工业品券
JHT,18604,https://list.szlcsc.com/brand/18604.html,满1000减50,其它金额,其它限制,50元JHT品牌工业品券
QUICK(快克),1118,https://list.szlcsc.com/brand/1118.html,满1000减50,其它金额,其它限制,50元快克品牌工业品券
,,,满1000减30,其它金额,其它限制,30元工业品商品券
VRK(威尔克),18865,https://list.szlcsc.com/brand/18865.html,满200减30,其它金额,其它限制,30元威尔克品牌工业品券
STEIPU(斯泰普),12388,https://list.szlcsc.com/brand/12388.html,满1000减30,其它金额,其它限制,30元斯泰普品牌工业品券
YIZHI(逸致),18649,https://list.szlcsc.com/brand/18649.html,满500减30,其它金额,其它限制,30元逸致品牌工业品券
JXTCONN(聚兴泰),16624,https://list.szlcsc.com/brand/16624.html,满300减30,其它金额,其它限制,30元聚兴泰品牌工业品券
JINGXINGTIANCI(净行天磁),18656,https://list.szlcsc.com/brand/18656.html,满1000减30,其它金额,其它限制,30元净行天磁品牌工业品券
SDTRUVAL(信德),17310,https://list.szlcsc.com/brand/17310.html,满200减30,其它金额,其它限制,30元信德品牌工业品券
MK(米客方德),11930,https://list.szlcsc.com/brand/11930.html,满1000减30,其它金额,其它限制,30元米客方德品牌工业品券
Recci(锐思),18481,https://list.szlcsc.com/brand/18481.html,满300减25,其它金额,其它限制,25元锐思品牌工业品券
,,,满200减20,其它金额,其它限制,20元工业品商品券
YARUN(亚润),15624,https://list.szlcsc.com/brand/15624.html,满200减20,其它金额,其它限制,20元亚润品牌工业品券
canfeng(灿峰),15964,https://list.szlcsc.com/brand/15964.html,满200减20,其它金额,其它限制,20元灿峰品牌工业品券
YUFENG(裕峰),18367,https://list.szlcsc.com/brand/18367.html,满200减20,其它金额,其它限制,20元裕峰品牌工业品券
N-tech(新源鑫),18720,https://list.szlcsc.com/brand/18720.html,满200减20,其它金额,其它限制,20元新源鑫品牌工业品券
BEIXUNZE(贝迅泽),24921,https://list.szlcsc.com/brand/24921.html,满100减20,其它金额,其它限制,20元贝迅泽品牌工业品券
MK(米客方德),11930,https://list.szlcsc.com/brand/11930.html,满100减20,其它金额,其它限制,20元米客方德品牌工业品券
,,,满500减15,其它金额,其它限制,15元工业品商品券
伊万视波,16051,https://list.szlcsc.com/brand/16051.html,满100减15,其它金额,其它限制,15元伊万视波品牌工业品券
STEIPU(斯泰普),12388,https://list.szlcsc.com/brand/12388.html,满16减15,满16减15,品牌新人,<品牌新人>15元斯泰普品牌工业品券
BZXC(博众新材),12474,https://list.szlcsc.com/brand/12474.html,满16减15,满16减15,品牌新人,<品牌新人>15元博众新材品牌工业品券
yiyuanxny(广东怡远),15458,https://list.szlcsc.com/brand/15458.html,满16减15,满16减15,品牌新人,<品牌新人>15元广东怡远品牌工业品券
XMXW(芯网),11962,https://list.szlcsc.com/brand/11962.html,满16减15,满16减15,品牌新人,<品牌新人>15元芯网品牌工业品券
canfeng(灿峰),15964,https://list.szlcsc.com/brand/15964.html,满16减15,满16减15,其它限制,15元灿峰品牌工业品券
YIZHI(逸致),18649,https://list.szlcsc.com/brand/18649.html,满16减15,满16减15,其它限制,15元逸致品牌工业品券
JXTCONN(聚兴泰),16624,https://list.szlcsc.com/brand/16624.html,满16减15,满16减15,其它限制,15元聚兴泰品牌工业品券
HOAUC(华宇创),11834,https://list.szlcsc.com/brand/11834.html,满16减15,满16减15,其它限制,15元华宇创品牌工业品券
MYOUNG(美阳),12472,https://list.szlcsc.com/brand/12472.html,满20减15,其它金额,其它限制,15元美阳品牌工业品券
JINGXINGTIANCI(净行天磁),18656,https://list.szlcsc.com/brand/18656.html,满500减15,其它金额,其它限制,15元净行天磁品牌工业品券
JINGXINGTIANCI(净行天磁),18656,https://list.szlcsc.com/brand/18656.html,满500减15,其它金额,其它限制,15元净行天磁品牌工业品券
YUFENG(裕峰),18367,https://list.szlcsc.com/brand/18367.html,满16减15,满16减15,其它限制,15元裕峰品牌工业品券
MyAntenna(摩天射频),16013,https://list.szlcsc.com/brand/16013.html,满16减15,满16减15,品牌新人,<品牌新人>15元摩天射频品牌工业品券
SDTRUVAL(信德),17310,https://list.szlcsc.com/brand/17310.html,满16减15,满16减15,其它限制,15元信德品牌工业品券
BASTO(邦士度),25425,https://list.szlcsc.com/brand/25425.html,满16减15,满16减15,品牌新人,<品牌新人>15元邦士度品牌工业品券
VRK(威尔克),18865,https://list.szlcsc.com/brand/18865.html,满100减12,其它金额,其它限制,12元威尔克品牌工业品券
,,,满200减10,其它金额,其它限制,10元工业品商品券
,,,满50减10,其它金额,其它限制,10元工业品商品券
micsig(麦科信),15210,https://list.szlcsc.com/brand/15210.html,满11减10,其它金额,其它限制,10元麦科信品牌工业品券
HUIYA(汇亚),25019,https://list.szlcsc.com/brand/25019.html,满100减10,其它金额,其它限制,10元汇亚品牌工业品券
dytape,18805,https://list.szlcsc.com/brand/18805.html,满100减10,其它金额,其它限制,10元dytape品牌工业品券
伊万视波,16051,https://list.szlcsc.com/brand/16051.html,满11减10,其它金额,其它限制,10元伊万视波品牌工业品券
e+erne(伊万仪通),16052,https://list.szlcsc.com/brand/16052.html,满100减10,其它金额,其它限制,10元伊万仪通品牌工业品券
NDST(诺德斯特),12677,https://list.szlcsc.com/brand/12677.html,满100减10,其它金额,其它限制,10元诺德斯特品牌工业品券
YARUN(亚润),15624,https://list.szlcsc.com/brand/15624.html,满100减10,其它金额,其它限制,10元亚润品牌工业品券
FLYOUNG(远阳),14981,https://list.szlcsc.com/brand/14981.html,满30减10,其它金额,其它限制,10元远阳品牌工业品券
CHAOCHUANG(超创),18262,https://list.szlcsc.com/brand/18262.html,满30减10,其它金额,其它限制,10元超创品牌工业品券
Omnergy(力佳),18675,https://list.szlcsc.com/brand/18675.html,满15减10,其它金额,其它限制,10元力佳品牌工业品券
N-tech(新源鑫),18720,https://list.szlcsc.com/brand/18720.html,满11减10,其它金额,品牌新人,<品牌新人>10元新源鑫品牌工业品券
BEIXUNZE(贝迅泽),24921,https://list.szlcsc.com/brand/24921.html,满11减10,其它金额,品牌新人,<品牌新人>10元贝迅泽品牌工业品券
Z-TEK(力特),1110,https://list.szlcsc.com/brand/1110.html,满100减10,其它金额,其它限制,10元力特品牌工业品券
JINGXINGTIANCI(净行天磁),18656,https://list.szlcsc.com/brand/18656.html,满10减9,其它金额,其它限制,9元净行天磁品牌工业品券
NDST(诺德斯特),12677,https://list.szlcsc.com/brand/12677.html,满50减8,其它金额,其它限制,8元诺德斯特品牌工业品券
XHHD(新宏辉达),24091,https://list.szlcsc.com/brand/24091.html,满10减6,其它金额,其它限制,6元新宏辉达品牌工业品券
canfeng(灿峰),15964,https://list.szlcsc.com/brand/15964.html,满10减6,其它金额,其它限制,6元灿峰品牌工业品券
YUFENG(裕峰),18367,https://list.szlcsc.com/brand/18367.html,满10减6,其它金额,其它限制,6元裕峰品牌工业品券
VRK(威尔克),18865,https://list.szlcsc.com/brand/18865.html,满10减5,其它金额,其它限制,5元威尔克品牌工业品券
VRK(威尔克),18865,https://list.szlcsc.com/brand/18865.html,满50减5,其它金额,其它限制,5元威尔克品牌工业品券
HUIYA(汇亚),25019,https://list.szlcsc.com/brand/25019.html,满30减5,其它金额,其它限制,5元汇亚品牌工业品券
UOWO(优沃),25021,https://list.szlcsc.com/brand/25021.html,满30减5,其它金额,其它限制,5元优沃品牌工业品券
dytape,18805,https://list.szlcsc.com/brand/18805.html,满50减5,其它金额,其它限制,10元dytape品牌工业品券
NDST(诺德斯特),12677,https://list.szlcsc.com/brand/12677.html,满30减5,其它金额,其它限制,5元诺德斯特品牌工业品券
STEIPU(斯泰普),12388,https://list.szlcsc.com/brand/12388.html,满50减5,其它金额,其它限制,5元斯泰普品牌工业品券
BZXC(博众新材),12474,https://list.szlcsc.com/brand/12474.html,满50减5,其它金额,其它限制,5元博众新材品牌工业品券
yiyuanxny(广东怡远),15458,https://list.szlcsc.com/brand/15458.html,满50减5,其它金额,其它限制,5元广东怡远品牌工业品券
YIYUAN(怡远),13049,https://list.szlcsc.com/brand/13049.html,满50减5,其它金额,其它限制,5元怡远品牌工业品券
JHT,18604,https://list.szlcsc.com/brand/18604.html,满100减5,其它金额,其它限制,5元JHT品牌工业品券
BZXC(博众新材),12474,https://list.szlcsc.com/brand/12474.html,满10减3,其它金额,其它限制,15元博众新材品牌工业品券
yiyuanxny(广东怡远),15458,https://list.szlcsc.com/brand/15458.html,满10减3,其它金额,其它限制,3元广东怡远品牌工业品券
YIYUAN(怡远),13049,https://list.szlcsc.com/brand/13049.html,满10减3,其它金额,其它限制,3元怡远品牌工业品券
健策,17308,https://list.szlcsc.com/brand/17308.html,满27减1,其它金额,其它限制,1元健策品牌工业品券
,,,满0减30,其它金额,其它限制,30元面板定制新人专享优惠券
,,,满1000减30,其它金额,其它限制,30元面板定制商品券
,,,满3000减70,其它金额,其它限制,70元面板定制商品券
,,,满5000减200,其它金额,其它限制,200元面板定制商品券
,,,满1000减30,其它金额,其它限制,30元面板定制运费券
,,,满2000减70,其它金额,其它限制,70元面板定制运费券
,,,满3000减100,其它金额,其它限制,100元面板定制运费券
,,,满8000减300,其它金额,其它限制,300元面板定制商品券
,,,满5000减130,其它金额,其它限制,130元面板定制运费券
,,,满8000减150,其它金额,其它限制,150元面板定制运费券
,,,满10000减200,其它金额,其它限制,200元面板定制运费券
,,,满0减70,其它金额,其它限制,6月~ 8月面板免费打样券
,,,满0.01减7,其它金额,其它限制,7元天天团运费券丨仅移动端可用
,,,满20000减200,其它金额,其它限制,<PLUS神券>200元全品类券
,,,满8000减100,其它金额,其它限制,<PLUS神券>100元全品类券
,,,满3000减60,其它金额,其它限制,<PLUS神券>60元全品类券
MDD(辰达半导体),164,https://list.szlcsc.com/brand/164.html,满1减0,其它金额,其它限制,<MDD>9.5折PLUS专属券
cjiang(长江微电),11425,https://list.szlcsc.com/brand/11425.html,满1减0,其它金额,其它限制,<长江微电>9.5折PLUS专属券
XUNDA(讯答),15535,https://list.szlcsc.com/brand/15535.html,满21减20,满21减20,其它限制,<讯答>20元PLUS专属券
CAZN(正成),15353,https://list.szlcsc.com/brand/15353.html,满1减0,其它金额,其它限制,<正成>9.5折PLUS专属券
HANBO(汉博),12025,https://list.szlcsc.com/brand/12025.html,满1减0,其它金额,其它限制,<汉博>9.5折PLUS专属券
SXN(顺翔诺),11353,https://list.szlcsc.com/brand/11353.html,满1减0,其它金额,其它限制,<顺翔诺>9.5折PLUS专属券
HI-LINK(海凌科),11515,https://list.szlcsc.com/brand/11515.html,满300减30,其它金额,其它限制,<海凌科>30元PLUS专属券
XUNPU(讯普),11687,https://list.szlcsc.com/brand/11687.html,满300减30,其它金额,其它限制,<讯普>30元PLUS专属券
Hengtuo(恒拓电子),16616,https://list.szlcsc.com/brand/16616.html,满21减20,满21减20,其它限制,<恒拓电子>20元PLUS专属券
