品牌名称,优惠金额,金额分类,使用限制分类,规则详细说明
,满9.9减9,其它金额,其它限制,9.9自营免邮券丨京东快递
,满100减50,其它金额,其它限制,50元面板定制商品券
,满5000减200,其它金额,其它限制,200元运费券 | BOM下单专享
,满30000减1000,其它金额,其它限制,海外代购TI.COM渠道优惠券
,满15000减450,其它金额,其它限制,海外代购TI.COM渠道优惠券
,满20000减300,其它金额,其它限制,300元海外代购券
,满20000减200,其它金额,其它限制,200元合作库存专属商品券
,满5000减150,其它金额,其它限制,海外代购TI.COM渠道优惠券
,满12000减100,其它金额,其它限制,100元合作库存专属商品券
,满100减30,其它金额,其它限制,30元BOM下单专享券
,满50减25,其它金额,其它限制,25元工业品新客首单券
JIERR(捷而瑞),满16减15,满16减15,其它限制,15元捷而瑞品牌商品券
HONOR(荣誉),满21减20,满21减20,品牌新人,<品牌新人>20元荣誉品牌商品券
ChengTao(诚韬),满21减20,满21减20,其它限制,20元诚韬品牌商品券
HENIPER(恒浦),满100减20,其它金额,其它限制,20元恒浦品牌商品券
KYX(凯越翔),满100减20,其它金额,其它限制,20元凯越翔品牌商品券
RealChip(正芯半导体),满500减20,其它金额,其它限制,20元正芯半导体品牌商品券
LGE(鲁光),满16减15,满16减15,其它限制,15元鲁光品牌商品券
APSEMI(先进光),满16减15,满16减15,其它限制,15元先进光品牌商品券
STE(松田),满16减15,满16减15,其它限制,15元松田品牌商品券
SUPSiC(国晶微半导体),满16减15,满16减15,其它限制,15元国晶微半导体品牌商品券
SRD(圣融达),满16减15,满16减15,其它限制,15元圣融达品牌商品券
Gyunrui(云睿),满16减15,满16减15,其它限制,15元云睿品牌商品券
cjiang(长江微电),满16减15,满16减15,品牌新人,<品牌新人>15元长江微电品牌商品券
FOSAN(富捷/富信),满16减15,满16减15,其它限制,15元富信品牌商品券
HOAUC(华宇创),满16减15,满16减15,品牌新人,<品牌新人>15元华宇创品牌商品券
BZCN(博众电气),满16减15,满16减15,其它限制,15元博众电气品牌商品券
G-Switch(品赞),满16减15,满16减15,其它限制,15元品赞品牌商品券
同晶,满16减15,满16减15,品牌新人,<品牌新人>15元同晶品牌指定类目商品券
GOODWORK(固得沃克),满16减15,满16减15,其它限制,15元固得沃克品牌商品券
CTR(长泰尔电子),满20减15,其它金额,品牌新人,<品牌新人>15元长泰尔电子品牌商品券
HTCSEMI(海天芯),满16减15,满16减15,其它限制,15元海天芯品牌商品券
MDD(辰达半导体),满16减15,满16减15,品牌新人,<品牌新人>15元MDD品牌商品券
HC(华橙熊猫),满20减15,其它金额,其它限制,15元华橙熊猫品牌商品券
CH(创慧电子),满16减15,满16减15,其它限制,15元创慧电子品牌商品券
WALSON(万盛),满16减15,满16减15,其它限制,15元万盛品牌商品券
SCTF(星通时频),满16减15,满16减15,其它限制,15元星通时频品牌商品券
FUXINSEMI(富芯森美),满16减15,满16减15,其它限制,15元富芯森美品牌商品券
KEXIN(科信),满16减15,满16减15,品牌新人,<品牌新人>15元科信品牌商品券
suntek(洺太电子),满16减15,满16减15,品牌新人,<品牌新人>15元洺太电子品牌商品券
INGHAi(赢海),满16减15,满16减15,品牌新人,<品牌新人>15元赢海品牌商品券
Milliohm(毫欧),满16减15,满16减15,商城新人,<商城新人>15元毫欧品牌商品券
TECH PUBLIC(台舟),满16减15,满16减15,其它限制,15元台舟品牌商品券
WF(伟烽),满16减15,满16减15,其它限制,15元伟烽品牌商品券
Hongda(泓达),满30减15,其它金额,其它限制,15元泓达品牌商品券
Ziisor(致哲),满50减15,其它金额,其它限制,15元致哲品牌商品券
YXC(扬兴晶振),满16减15,满16减15,品牌新人,<品牌新人>15元扬兴晶振品牌商品券
ARK(方舟微),满16减15,满16减15,其它限制,15元方舟微品牌指定类目商品券
DOINGTER(杜因特),满16减15,满16减15,其它限制,15元杜因特品牌商品券
TCWIN(天成),满16减15,满16减15,品牌新人,<品牌新人>15元天成品牌商品券
DLL(德利),满20减15,其它金额,其它限制,15元德利品牌商品券
OSEN(欧芯),满100减15,其它金额,其它限制,15元欧芯品牌商品券
BXCONN(宝讯),满16减15,满16减15,其它限制,15元宝讯品牌商品券
UMaxconn(友贸),满16减15,满16减15,其它限制,15元友贸品牌商品券
HanElectricity(瀚源),满16减15,满16减15,其它限制,15元瀚源品牌商品券
MAX(迈旭),满16减15,满16减15,其它限制,15元迈旭品牌商品券
XUNPU(讯普),满16减15,满16减15,品牌新人,<品牌新人>15元讯普品牌商品券
JARSON(伽盛),满16减15,满16减15,品牌新人,<品牌新人>15元伽盛品牌首单商品券
Huixin(慧芯),满16减15,满16减15,品牌新人,<品牌新人>15元慧芯品牌首单商品券
Dersonic(德尔创),满16减15,满16减15,其它限制,15元德尔创品牌商品券
Zhongdi(众迪),满16减15,满16减15,其它限制,15元众迪品牌商品券
Zhengxin(正芯),满16减15,满16减15,其它限制,15元正芯品牌商品券
ZHIDE(志得),满20减15,其它金额,其它限制,15元志得品牌商品券
LXWCONN(连兴旺电子),满16减15,满16减15,其它限制,15元连兴旺电子品牌商品券
Lucki(蓝晶),满16减15,满16减15,其它限制,15元蓝晶品牌商品券
KUU,满16减15,满16减15,品牌新人,<品牌新人>15元KUU品牌商品券
YONGYUTAI(永裕泰),满16减15,满16减15,品牌新人,<品牌新人>15元永裕泰品牌商品券
CX(长兴),满16减15,满16减15,其它限制,15元长兴品牌商品券
XTALTQ(恒晶科技),满16减15,满16减15,品牌新人,<品牌新人>15元恒晶科技品牌商品券
AM(安美),满16减15,满16减15,商城新人,<商城新人>15元安美品牌商品券
Starwave(思大),满16减15,满16减15,其它限制,15元思大品牌商品券
JTD(晶泰达),满16减15,满16减15,其它限制,15元晶泰达品牌商品券
GODETEK(皋德科技),满20减15,其它金额,其它限制,15元皋德科技品牌商品券
Sunltech(顺磁),满16减15,满16减15,其它限制,15元顺磁品牌商品券
韩国韩荣,满16减15,满16减15,其它限制,15元韩国韩荣品牌商品券
Huiyuan crystal(惠源晶工),满30减15,其它金额,其它限制,15元惠源晶工品牌商品券
MagnaChip(美格纳),满16减15,满16减15,其它限制,15元美格纳品牌商品券
MP(美禄科技),满16减15,满16减15,其它限制,15元美禄科技品牌商品券
HGC(深圳汉芯),满16减15,满16减15,其它限制,15元深圳汉芯品牌商品券
JILN(锦凌),满16减15,满16减15,品牌新人,<品牌新人>15元锦凌品牌商品券
SUNGMUN(韩国星炆电子),满16减15,满16减15,品牌新人,<品牌新人>15元韩国星炆电子品牌商品券
Artinchip(匠芯创),满16减15,满16减15,品牌新人,<品牌新人>15元匠芯创品牌商品券
HenryTech(恒利泰),满16减15,满16减15,其它限制,15元恒利泰品牌商品券
深海电子,满16减15,满16减15,品牌新人,<品牌新人>15元深海电子品牌商品券
HDGC(华德共创),满16减15,满16减15,其它限制,15元华德共创品牌商品券
FTR(乔光电子),满30减15,其它金额,其它限制,15元乔光电子品牌商品券
精拓金,满16减15,满16减15,其它限制,15元精拓金品牌商品券
WingTAT(格林柏),满16减15,满16减15,其它限制,15元格林柏品牌商品券
MEGSINE(兆讯),满30减15,其它金额,其它限制,15元兆讯品牌商品券
Silicore(芯谷),满100减15,其它金额,其它限制,15元芯谷品牌商品券
SAMZO(三佐),满16减15,满16减15,其它限制,15元三佐品牌商品券
cntitle(中戈泰斗),满16减15,满16减15,其它限制,15元中戈泰斗品牌商品券
Tudi(钍地半导体),满16减15,满16减15,其它限制,15元钍地半导体品牌商品券
Full-Way(四方杰芯),满16减15,满16减15,其它限制,15元四方杰芯品牌商品券
DIANWEI(钿威科技),满16减15,满16减15,其它限制,15元钿威科技品牌商品券
LCKELEC(联晟欣),满16减15,满16减15,其它限制,15元联晟欣品牌商品券
SDAPO(达普),满30减15,其它金额,其它限制,15元达普品牌商品券
HH(辉焕),满16减15,满16减15,其它限制,15元辉焕品牌商品券
Slkor(萨科微),满20减15,其它金额,其它限制,15元萨科微品牌商品券
晶扬电子,满16减15,满16减15,品牌新人,<品牌新人>15元晶扬电子品牌商品券
Xinyangze(鑫扬泽),满16减15,满16减15,其它限制,15元鑫扬泽品牌商品券
KANGNEX(康奈克斯电气),满16减15,满16减15,品牌新人,<品牌新人>15元康奈克斯电气品牌指定类目商品券
巴丁微,满30减15,其它金额,其它限制,15元巴丁微品牌商品券
AnBon(安邦),满16减15,满16减15,其它限制,15元安邦品牌商品券
Yxcon(宇熙精密),满16减15,满16减15,其它限制,15元宇熙精密品牌商品券
众驰电子,满16减15,满16减15,其它限制,15元众驰电子品牌商品券
Silverlight(银月光),满16减15,满16减15,品牌新人,<品牌新人>15元银月光品牌首单商品券
ROCPU Switches(台普),满16减15,满16减15,其它限制,15元台普品牌商品券
皇捷,满16减15,满16减15,品牌新人,<品牌新人>15元皇捷品牌商品券
LEADER(立得),满16减15,满16减15,品牌新人,<品牌新人>15元立得品牌商品券
JXTCONN(聚兴泰),满16减15,满16减15,其它限制,15元聚兴泰品牌商品券
chipfountain(芯涛微),满16减15,满16减15,其它限制,15元芯涛微品牌商品券
CCX(晁禾),满16减15,满16减15,其它限制,15元晁禾品牌商品券
MPS(芯源),满16减15,满16减15,品牌新人,<品牌新人>15元MPS品牌商品券
BHFUSE(佰宏),满16减15,满16减15,其它限制,15元佰宏品牌指定类目商品券
Megastar(兆星),满16减15,满16减15,其它限制,15元兆星品牌商品券
Bossie(博锡),满16减15,满16减15,其它限制,15元博锡品牌商品券
Hichips(智芯),满16减15,满16减15,品牌新人,<品牌新人>15元智芯品牌商品券
XYECONN(辛译),满16减15,满16减15,其它限制,15元辛译品牌商品券
Leiditech(雷卯电子),满16减15,满16减15,其它限制,15元雷卯电子品牌商品券
Hallwee(霍尔微电子),满16减15,满16减15,其它限制,15元霍尔微电子品牌商品券
ZE(增益),满16减15,满16减15,其它限制,15元增益品牌商品券
worldsemi,满16减15,满16减15,其它限制,15元worldsemi品牌商品券
康深,满16减15,满16减15,其它限制,15元康深品牌商品券
Semiwell(矽门微),满16减15,满16减15,其它限制,15元矽门微品牌商品券
国星光电,满16减15,满16减15,品牌新人,<品牌新人>15元国星光电品牌商品券
LUTE(陆特),满16减15,满16减15,其它限制,15元陆特品牌商品券
Siproin(上海矽朋),满16减15,满16减15,其它限制,15元上海矽朋品牌商品券
yezhan(业展),满16减15,满16减15,其它限制,15元业展品牌商品券
SUNLIGHT(光华),满16减15,满16减15,其它限制,15元光华品牌商品券
ReSine PS(瑞鑫),满16减15,满16减15,其它限制,15元瑞鑫品牌商品券
TWGMC(迪嘉),满16减15,满16减15,其它限制,15元迪嘉品牌商品券
MSKSEMI(美森科),满16减15,满16减15,其它限制,15元美森科品牌商品券
SPTECH(深圳质超),满20减15,其它金额,其它限制,15元深圳质超品牌商品券
RealChip(正芯半导体),满16减15,满16减15,品牌新人,<品牌新人>15元正芯半导体品牌商品券
REASUNOS(瑞森半导体),满20减15,其它金额,其它限制,15元瑞森半导体品牌商品券
CHIN-BAN(勤本),满16减15,满16减15,其它限制,15元勤本品牌指定类目商品券
Nyfea(徕飞),满16减15,满16减15,其它限制,15元徕飞品牌商品券
HMTCONN(华明通),满16减15,满16减15,其它限制,15元华明通品牌商品券
CENKER(岑科),满20减15,其它金额,其它限制,15元岑科品牌商品券
MiRelay(米高莱),满20减15,其它金额,其它限制,15元米高莱品牌商品券
QLRELAY,满20减15,其它金额,其它限制,15元QLRELAY品牌商品券
COILMX(迈翔科技),满16减15,满16减15,品牌新人,<品牌新人>15元迈翔科技品牌商品券
FC(方成),满100减15,其它金额,其它限制,15元方成品牌商品券
XINGLIGHT(成兴光),满20减15,其它金额,其它限制,15元成兴光品牌商品券
JSMSEMI(杰盛微),满16减15,满16减15,其它限制,15元杰盛微品牌商品券
CND-tek(磁联达),满16减15,满16减15,其它限制,15元磁联达品牌商品券
TFSS(德律风根),满16减15,满16减15,其它限制,15元德律风根品牌商品券
TPOWER(天源),满16减15,满16减15,其它限制,15元天源品牌商品券
JETEKPS(健特),满16减15,满16减15,品牌新人,<品牌新人>15元健特品牌首单商品券
LKWIC(瓴科微),满30减15,其它金额,其它限制,15元瓴科微品牌商品券
NYBOXING(尼博星),满16减15,满16减15,其它限制,15元尼博星品牌商品券
YFW(佑风微),满16减15,满16减15,品牌新人,<品牌新人>15元佑风微品牌商品券
NH(纽航),满16减15,满16减15,其它限制,15元纽航品牌商品券
JUXING(钜兴),满16减15,满16减15,其它限制,15元钜兴品牌商品券
SINEDEVICE(宇宏微),满16减15,满16减15,其它限制,15元宇宏微品牌商品券
XUMAO(旭茂微),满16减15,满16减15,其它限制,15元旭茂微品牌商品券
TUOZHAN(拓展光电),满16减15,满16减15,其它限制,15元拓展光电品牌商品券
欧思科光电,满16减15,满16减15,其它限制,15元欧思科光电品牌商品券
Amicc(欧密格光电),满20减15,其它金额,其它限制,15元欧密格光电品牌商品券
SUNMATE(森美特),满16减15,满16减15,品牌新人,<品牌新人>15元森美特品牌商品券
JWD(经纬达),满30减15,其它金额,其它限制,15元经纬达品牌商品券
SHIKUES(时科),满16减15,满16减15,品牌新人,<品牌新人>15元时科品牌商品券
Silicontra(硅传科技),满30减15,其它金额,其它限制,15元硅传科技品牌商品券
YJYCOIN(益嘉源),满16减15,满16减15,品牌新人,<品牌新人>15元益嘉源品牌商品券
TOGIALED(统佳),满16减15,满16减15,其它限制,15元统佳品牌商品券
AOTE(奥特),满20减15,其它金额,其它限制,15元奥特品牌商品券
Hengtuo(恒拓电子),满20减15,其它金额,其它限制,15元恒拓电子品牌商品券
TKD(泰晶),满16减15,满16减15,其它限制,15元泰晶品牌商品券
DreamLNK(骏晔科技),满16减15,满16减15,其它限制,15元骏晔科技品牌商品券
ABC(千如),满16减15,满16减15,品牌新人,<品牌新人>15元千如品牌商品券
HANBO(汉博),满16减15,满16减15,其它限制,15元汉博品牌商品券
hanxia(韩下),满16减15,满16减15,其它限制,15元韩下品牌商品券
SOFNG(硕方),满16减15,满16减15,其它限制,15元硕方品牌商品券
XFCN(兴飞),满16减15,满16减15,其它限制,15元兴飞品牌商品券
Liown(里阳半导体),满16减15,满16减15,其它限制,15元里阳半导体品牌商品券
ISOMICRON(安芯微半导体),满16减15,满16减15,其它限制,15元安芯微半导体品牌商品券
WXNSIC(国硅集成),满16减15,满16减15,其它限制,15元国硅集成品牌商品券
saiya(赛亚),满30减15,其它金额,其它限制,15元赛亚品牌商品券
Semiment(赛卓),满23减15,其它金额,其它限制,15元赛卓品牌商品券
TDD(台冠电子),满16减15,满16减15,其它限制,15元台冠电子品牌商品券
ECE(百容),满25减15,其它金额,其它限制,15元百容品牌商品券
HYP(鸿源精密),满25减15,其它金额,其它限制,15元鸿源精密品牌商品券
CAX(创都),满16减15,满16减15,其它限制,15元创都品牌商品券
ceaiya(柯爱亚),满16减15,满16减15,品牌新人,<品牌新人>15元柯爱亚品牌商品券
LanTu Micro(蓝图微电),满16减15,满16减15,其它限制,15元蓝图微电品牌商品券
SXN(顺翔诺),满16减15,满16减15,其它限制,15元顺翔诺品牌商品券
USAKRO(美韩),满16减15,满16减15,其它限制,15元美韩品牌商品券
ZHHXDZ(海芯电子),满20减15,其它金额,其它限制,15元海芯电子品牌商品券
JMEconn(文章济美),满16减15,满16减15,其它限制,15元文章济美品牌商品券
SM Switch,满16减15,满16减15,其它限制,15元SM Switch品牌商品券
FG(富港),满16减15,满16减15,其它限制,15元富港品牌商品券
MEIHUA(美华),满16减15,满16减15,其它限制,15元美华品牌商品券
BORN(伯恩半导体),满16减15,满16减15,品牌新人,<品牌新人>15元伯恩半导体品牌商品券
SHETIME(高钺达),满16减15,满16减15,其它限制,15元高钺达品牌商品券
SOREDE(索瑞达),满16减15,满16减15,其它限制,15元索瑞达品牌商品券
YTL(亚特联),满16减15,满16减15,其它限制,15元亚特联品牌商品券
PROD(谱罗德),满16减15,满16减15,品牌新人,<品牌新人>15元谱罗德品牌首单商品券
DEXU(德旭电子),满16减15,满16减15,其它限制,15元德旭电子品牌商品券
XCH(旭昌辉),满16减15,满16减15,其它限制,15元旭昌辉品牌商品券
JBL(金比莱),满30减15,其它金额,其它限制,15元金比莱品牌商品券
FAUKU(高芯电子),满16减15,满16减15,其它限制,15元高芯电子品牌商品券
HD(浩都频率),满16减15,满16减15,品牌新人,<品牌新人>15元浩都频率品牌商品券
SOSET(索斯特),满16减15,满16减15,品牌新人,<品牌新人>15元索斯特品牌商品券
HCI(杭晶),满16减15,满16减15,其它限制,15元杭晶品牌商品券
SAE(世盟/世爱),满16减15,满16减15,其它限制,15元世盟/世爱品牌商品券
NJGW(南京国微),满20减15,其它金额,其它限制,15元南京国微品牌商品券
WIRELESS(维尔乐思),满30减15,其它金额,其它限制,15元维尔乐思品牌商品券
WINSOK(微硕),满16减15,满16减15,其它限制,15元微硕品牌商品券
Existar(毅芯达),满16减15,满16减15,品牌新人,<品牌新人>15元毅芯达品牌商品券
Coilank(驰兴电感),满16减15,满16减15,其它限制,15元驰兴电感品牌商品券
EG(屹晶微),满16减15,满16减15,商城新人,<商城新人>15元屹晶微品牌商品券
TDPOWER(腾达电源),满16减15,满16减15,商城新人,<商城新人>15元腾达电源品牌商品券
DEALON(德艺隆),满16减15,满16减15,品牌新人,<品牌新人>15元德艺隆品牌商品券
Mysentech(敏源传感),满16减15,满16减15,其它限制,15元敏源传感品牌商品券
国芯佳品,满16减15,满16减15,其它限制,15元国芯佳品品牌商品券
XBLW(芯伯乐),满16减15,满16减15,其它限制,15元芯伯乐品牌商品券
XR(祥如),满16减15,满16减15,其它限制,15元祥如品牌商品券
SRT(斯瑞特),满16减15,满16减15,其它限制,15元斯瑞特品牌商品券
HUAXIN(华昕),满16减15,满16减15,品牌新人,<品牌新人>15元华昕品牌指定类目商品券
JS(钜硕电子),满16减15,满16减15,其它限制,15元钜硕电子品牌商品券
MINTRON(明硕),满16减15,满16减15,其它限制,15元明硕品牌商品券
EVERCOM(恒连),满16减15,满16减15,其它限制,15元恒连品牌商品券
BAT WIRELESS(蝙蝠无线),满16减15,满16减15,其它限制,15元蝙蝠无线品牌商品券
TROQ(创捷),满16减15,满16减15,其它限制,15元创捷品牌商品券
PAKER(派克微),满16减15,满16减15,其它限制,15元派克微品牌商品券
HRE(芯声),满16减15,满16减15,商城新人,<商城新人>15元芯声品牌商品券
XKB Connection(中国星坤),满16减15,满16减15,其它限制,15元中国星坤品牌商品券
SURGING(绍鑫),满16减15,满16减15,其它限制,15元绍鑫品牌商品券
台湾陆海,满16减15,满16减15,其它限制,15元台湾陆海品牌商品券
DGCX(成希),满16减15,满16减15,其它限制,15元成希品牌商品券
Guiguang light(桂光光电),满16减15,满16减15,其它限制,15元桂光光电品牌商品券
HRK(鸿瑞凯电子),满16减15,满16减15,品牌新人,<品牌新人>15元鸿瑞凯电子品牌商品券
Econd(米朗电子),满16减15,满16减15,其它限制,15元米朗电子品牌商品券
Chinocera(华瓷),满16减15,满16减15,品牌新人,<品牌新人>15元华瓷品牌商品券
JCHL(晶创和立),满16减15,满16减15,其它限制,15元晶创和立品牌商品券
SHENGYANG(升阳),满16减15,满16减15,其它限制,15元升阳品牌商品券
YJX(雅晶鑫),满16减15,满16减15,其它限制,15元雅晶鑫品牌指定类目商品券
MetalLions(美铼),满16减15,满16减15,商城新人,<商城新人>15元美铼品牌商品券
KOHERelec(科或),满16减15,满16减15,其它限制,15元科或品牌商品券
HEERMICR(赫尔半导体),满16减15,满16减15,其它限制,15元赫尔半导体品牌商品券
CRC(创容),满16减15,满16减15,其它限制,15元创容品牌指定类目商品券
Truesemi(信安),满16减15,满16减15,商城新人,<商城新人>15元信安品牌商品券
baocheng(宝乘),满16减15,满16减15,其它限制,15元宝乘品牌商品券
Hottech(合科泰),满16减15,满16减15,其它限制,15元合科泰品牌商品券
SiChange(芯昌科技),满16减15,满16减15,其它限制,15元芯昌科技品牌商品券
MyAntenna(摩天射频),满16减15,满16减15,其它限制,15元摩天射频品牌商品券
LinkMems(聆麦声学),满16减15,满16减15,品牌新人,<品牌新人>15元聆麦声学品牌商品券
Consensic(康森斯克),满16减15,满16减15,其它限制,15元康森斯克品牌商品券
KTP(科泰普),满16减15,满16减15,其它限制,15元科泰普品牌商品券
everanalog(申风),满16减15,满16减15,品牌新人,<品牌新人>15元申风品牌商品券
XDS(芯鼎盛),满16减15,满16减15,其它限制,15元芯鼎盛品牌商品券
TDSEMIC(拓电半导体),满16减15,满16减15,品牌新人,<品牌新人>15元拓电半导体品牌商品券
LX(连欣科技),满30减15,其它金额,品牌新人,<品牌新人>15元连欣科技品牌商品券
Ckmtw(灿科盟),满20减15,其它金额,其它限制,15元灿科盟品牌商品券
APV(爱普微),满16减15,满16减15,其它限制,15元爱普微品牌商品券
Yuandi(元迪),满16减15,满16减15,其它限制,15元元迪品牌商品券
RUILON(瑞隆源),满16减15,满16减15,其它限制,15元瑞隆源品牌商品券
High Diode(海德),满16减15,满16减15,其它限制,15元海德品牌商品券
HENIPER(恒浦),满16减15,满16减15,其它限制,15元恒浦品牌商品券
KYX(凯越翔),满16减15,满16减15,其它限制,15元凯越翔品牌商品券
Khon(康宏电子),满16减15,满16减15,其它限制,15元康宏电子品牌商品券
LX(灵星芯微),满16减15,满16减15,其它限制,15元灵星芯微品牌商品券
HCTL(华灿天禄),满16减15,满16减15,其它限制,15元华灿天禄品牌商品券
HYHONGYEX(宏业),满16减15,满16减15,品牌新人,<品牌新人>15元宏业品牌商品券
ElecSuper(静芯),满16减15,满16减15,其它限制,15元静芯品牌商品券
GUOCONN(国连),满16减15,满16减15,其它限制,15元国连品牌商品券
XUNDA(讯答),满16减15,满16减15,其它限制,15元讯答品牌商品券
Waferbest(匠芯微),满16减15,满16减15,品牌新人,<品牌新人>15元匠芯微品牌商品券
VISOM,满16减15,满16减15,其它限制,15元VISOM品牌商品券
Forsinve(福芯微),满16减15,满16减15,其它限制,15元福芯微品牌商品券
Zhongke Wireless(中科无线),满16减15,满16减15,其它限制,15元中科无线品牌商品券
luJing(鲁晶),满20减15,其它金额,其它限制,15元鲁晶品牌商品券
Zoomdo(震东电子),满30减15,其它金额,其它限制,15元震东电子品牌商品券
GTL-POWER(冠图电子),满16减15,满16减15,品牌新人,<品牌新人>15元冠图电子品牌商品券
ZOEYGO(中逸光),满16减15,满16减15,品牌新人,<品牌新人>15元中逸光品牌商品券
XNRUSEMI(新锐),满16减15,满16减15,其它限制,15元新锐品牌商品券
如般微,满20减15,其它金额,其它限制,15元如般微品牌商品券
UNI-SEMIC(宇力半导体),满16减15,满16减15,其它限制,15元宇力半导体品牌商品券
DORABO(地博电气),满16减15,满16减15,其它限制,15元地博电气品牌商品券
GOSEMICON(顾邦半导体),满20减15,其它金额,其它限制,15元顾邦半导体品牌商品券
QNHCHIP(乾能惠),满16减15,满16减15,品牌新人,<品牌新人>15元乾能惠品牌商品券
Vollgo(沃进),满16减15,满16减15,其它限制,15元沃进品牌商品券
JGHC(晶光华),满16减15,满16减15,品牌新人,<品牌新人>15元晶光华品牌商品券
WALSON(万盛),满1000减10,其它金额,其它限制,10元万盛品牌运费券
ElecSuper(静芯),满36减10,其它金额,其它限制,10元静芯品牌运费券
APV(爱普微),满55减9,其它金额,其它限制,9元爱普微品牌运费券
XBLW(芯伯乐),满50减9,其它金额,其它限制,9元芯伯乐品牌运费券
HXY MOSFET(华轩阳电子),满88减8,其它金额,其它限制,8元华轩阳电子品牌运费券
G-Switch(品赞),满88减8,其它金额,其它限制,8元品赞品牌运费券
HMTCONN(华明通),满100减8,其它金额,其它限制,8元华明通品牌运费券
XYECONN(辛译),满88减8,其它金额,其它限制,8元辛译品牌运费券
ROCPU Switches(台普),满58减8,其它金额,其它限制,8元台普品牌运费券
XUNPU(讯普),满80减8,其它金额,其它限制,8元讯普品牌运费券
GUOCONN(国连),满58减8,其它金额,其它限制,8元国连品牌运费券
BXCONN(宝讯),满100减7,其它金额,其它限制,7元宝讯品牌运费券
hanxia(韩下),满20减6,其它金额,其它限制,6元韩下品牌运费券
WXNSIC(国硅集成),满200减6,其它金额,其它限制,6元国硅集成品牌运费券
LUTE(陆特),满10减6,其它金额,其它限制,6元陆特品牌运费券
HC(华橙熊猫),满100减6,其它金额,其它限制,6元华橙熊猫品牌运费券
康深,满500减6,其它金额,其它限制,6元康深品牌运费券
JXTCONN(聚兴泰),满50减6,其它金额,其它限制,6元聚兴泰品牌运费券
ZGWD(温达电子),满100减6,其它金额,其它限制,6元温达电子品牌运费券
SHOU HAN(首韩),满30减6,其它金额,其它限制,6元首韩品牌运费券
MDD(辰达半导体),满6减0,其它金额,其它限制,指定物料专属9折券
ARK(方舟微),满500减0,其它金额,其它限制,方舟微品牌指定类目9.5折折扣券
INGHAi(赢海),满500减0,其它金额,其它限制,赢海品牌9.5折折扣券
,满30000减400,其它金额,其它限制,400元合作库存专属商品券
HC(虹成电子),满1000减200,其它金额,其它限制,200元虹成电子品牌商品券
cjiang(长江微电),满1000减150,其它金额,其它限制,150元长江微电品牌商品券
HC(华橙熊猫),满1000减150,其它金额,其它限制,150元华橙熊猫品牌商品券
HOOYA(皓宇电子),满500减150,其它金额,其它限制,150元皓宇电子品牌商品券
Legion(六钧),满500减150,其它金额,其它限制,150元六钧品牌商品券
SUNMATE(森美特),满1000减150,其它金额,其它限制,150元森美特品牌商品券
YJYCOIN(益嘉源),满1000减150,其它金额,其它限制,150元益嘉源品牌商品券
SXN(顺翔诺),满1000减150,其它金额,其它限制,150元顺翔诺品牌商品券
XDS(芯鼎盛),满1000减150,其它金额,其它限制,150元芯鼎盛品牌商品券
Dersonic(德尔创),满1000减120,其它金额,其它限制,120元德尔创品牌商品券
SDAPO(达普),满2000减120,其它金额,其它限制,120元达普品牌商品券
SRD(圣融达),满1000减100,其它金额,其它限制,100元圣融达品牌商品券
FOSAN(富捷/富信),满1000减100,其它金额,其它限制,100元富信品牌商品券
G-Switch(品赞),满1000减100,其它金额,其它限制,100元品赞品牌商品券
JIERR(捷而瑞),满1000减100,其它金额,其它限制,100元捷而瑞品牌商品券
SILION(芯联创展),满1000减100,其它金额,其它限制,100元芯联创展品牌商品券
TECH PUBLIC(台舟),满1000减100,其它金额,其它限制,100元台舟品牌商品券
RESI(开步睿思),满1000减100,其它金额,其它限制,100元开步睿思品牌商品券
CBI(创基),满1000减100,其它金额,其它限制,100元创基品牌商品券
DOINGTER(杜因特),满1000减100,其它金额,其它限制,100元杜因特品牌商品券
DLL(德利),满1000减100,其它金额,其它限制,100元德利品牌商品券
XUNPU(讯普),满1000减100,其它金额,其它限制,100元讯普品牌商品券
HeYangTek(扬贺扬),满1000减100,其它金额,其它限制,100元扬贺扬品牌商品券
Slkor(萨科微),满1000减100,其它金额,其它限制,100元萨科微品牌商品券
YWF(宇文发),满1000减100,其它金额,其它限制,100元宇文发品牌商品券
R+O(宏嘉诚),满1000减100,其它金额,其它限制,100元宏嘉诚品牌商品券
DDF(鼎德丰),满1000减100,其它金额,其它限制,100元鼎德丰品牌商品券
JSMSEMI(杰盛微),满1000减100,其它金额,其它限制,100元杰盛微品牌商品券
CND-tek(磁联达),满1000减100,其它金额,其它限制,100元磁联达品牌商品券
JUXING(钜兴),满500减100,其它金额,其它限制,100元钜兴品牌商品券
Siliup(矽普),满1000减100,其它金额,其它限制,100元矽普品牌商品券
SOFNG(硕方),满1000减100,其它金额,其它限制,100元硕方品牌商品券
BORN(伯恩半导体),满1000减100,其它金额,其它限制,100元伯恩半导体品牌商品券
FAUKU(高芯电子),满1000减100,其它金额,其它限制,100元高芯电子品牌商品券
WINSOK(微硕),满300减100,其它金额,其它限制,100元微硕品牌商品券
JS(钜硕电子),满1000减100,其它金额,其它限制,100元钜硕电子品牌商品券
AGMSEMI(芯控源),满1000减100,其它金额,其它限制,100元芯控源品牌商品券
BAT WIRELESS(蝙蝠无线),满1000减100,其它金额,其它限制,100元蝙蝠无线品牌商品券
MyAntenna(摩天射频),满1000减100,其它金额,其它限制,100元摩天射频品牌商品券
APV(爱普微),满200减100,其它金额,其它限制,100元爱普微品牌商品券
HCTL(华灿天禄),满1000减100,其它金额,其它限制,100元华灿天禄品牌商品券
XUNDA(讯答),满1000减100,其它金额,其它限制,100元讯答品牌商品券
Forsinve(福芯微),满1000减100,其它金额,其它限制,100元福芯微品牌商品券
YONGYUTAI(永裕泰),满1000减85,其它金额,其它限制,85元永裕泰品牌商品券
Sencoch(芯感智),满500减80,其它金额,其它限制,80元芯感智品牌商品券
Sunltech(顺磁),满1000减80,其它金额,其它限制,80元顺磁品牌商品券
XR(祥如),满300减80,其它金额,其它限制,80元祥如品牌商品券
MDD(辰达半导体),满800减60,其它金额,其它限制,60元MDD品牌商品券
韩国韩荣,满500减60,其它金额,其它限制,60元韩国韩荣品牌商品券
精拓金,满1000减60,其它金额,其它限制,60元精拓金品牌商品券
晶扬电子,满300减60,其它金额,其它限制,60元晶扬电子品牌商品券
FC(方成),满600减60,其它金额,其它限制,60元方成品牌商品券
YXC(扬兴晶振),满1000减50,其它金额,其它限制,50元扬兴晶振品牌商品券
STE(松田),满300减50,其它金额,其它限制,50元松田品牌商品券
JDTfuse(集电通),满200减50,其它金额,其它限制,50元集电通品牌商品券
HXY MOSFET(华轩阳电子),满200减50,其它金额,其它限制,50元华轩阳电子品牌商品券
GOODWORK(固得沃克),满200减50,其它金额,其它限制,50元固得沃克品牌商品券
HTCSEMI(海天芯),满500减50,其它金额,其它限制,50元海天芯品牌商品券
FUXINSEMI(富芯森美),满500减50,其它金额,其它限制,50元富芯森美品牌商品券
RESI(开步睿思),满500减50,其它金额,其它限制,50元开步睿思品牌商品券
WF(伟烽),满300减50,其它金额,其它限制,50元伟烽品牌商品券
dosinconn(德索五金),满500减50,其它金额,其它限制,50元德索五金品牌商品券
BXCONN(宝讯),满500减50,其它金额,其它限制,50元宝讯品牌商品券
kinghelm(金航标),满500减50,其它金额,其它限制,50元金航标品牌商品券
LXWCONN(连兴旺电子),满500减50,其它金额,其它限制,50元连兴旺电子品牌商品券
KUU,满500减50,其它金额,其它限制,50元KUU品牌商品券
XTALTQ(恒晶科技),满500减50,其它金额,其它限制,50元恒晶科技品牌商品券
Starwave(思大),满500减50,其它金额,其它限制,50元思大品牌商品券
HenryTech(恒利泰),满200减50,其它金额,其它限制,50元恒利泰品牌商品券
FTR(乔光电子),满1000减50,其它金额,其它限制,50元乔光电子品牌商品券
WingTAT(格林柏),满500减50,其它金额,其它限制,50元格林柏品牌商品券
众驰电子,满200减50,其它金额,其它限制,50元众驰电子品牌商品券
ROCPU Switches(台普),满300减50,其它金额,其它限制,50元台普品牌商品券
XBLW(芯伯乐),满500减50,其它金额,其它限制,50元芯伯乐品牌商品券
GMIC(绿微),满500减50,其它金额,其它限制,50元绿微品牌商品券
R+O(宏嘉诚),满200减50,其它金额,其它限制,50元宏嘉诚品牌商品券
BHFUSE(佰宏),满500减50,其它金额,其它限制,50元佰宏品牌商品券
Megastar(兆星),满500减50,其它金额,其它限制,50元兆星品牌商品券
Bossie(博锡),满500减50,其它金额,其它限制,50元博锡品牌商品券
国星光电,满200减50,其它金额,其它限制,50元国星光电品牌商品券
LUTE(陆特),满200减50,其它金额,其它限制,50元陆特品牌商品券
TWGMC(迪嘉),满300减50,其它金额,其它限制,50元迪嘉品牌商品券
MSKSEMI(美森科),满500减50,其它金额,其它限制,50元美森科品牌商品券
DDF(鼎德丰),满500减50,其它金额,其它限制,50元鼎德丰品牌商品券
Nyfea(徕飞),满200减50,其它金额,其它限制,50元徕飞品牌商品券
HMTCONN(华明通),满200减50,其它金额,其它限制,50元华明通品牌商品券
XINGLIGHT(成兴光),满500减50,其它金额,其它限制,50元成兴光品牌商品券
JETEKPS(健特),满300减50,其它金额,其它限制,50元健特品牌商品券
YFW(佑风微),满500减50,其它金额,其它限制,50元佑风微品牌商品券
NH(纽航),满500减50,其它金额,其它限制,50元纽航品牌商品券
TUOZHAN(拓展光电),满500减50,其它金额,其它限制,50元拓展光电品牌商品券
Amicc(欧密格光电),满300减50,其它金额,其它限制,50元欧密格光电品牌商品券
TOGIALED(统佳),满200减50,其它金额,其它限制,50元统佳品牌商品券
AOTE(奥特),满500减50,其它金额,其它限制,50元奥特品牌商品券
Hengtuo(恒拓电子),满500减50,其它金额,其它限制,50元恒拓电子品牌商品券
DreamLNK(骏晔科技),满1000减50,其它金额,其它限制,50元骏晔科技品牌商品券
HANBO(汉博),满500减50,其它金额,其它限制,50元汉博品牌商品券
BNstar(比诺星),满200减50,其它金额,其它限制,50元比诺星品牌商品券
CAX(创都),满500减50,其它金额,其它限制,50元创都品牌商品券
ceaiya(柯爱亚),满500减50,其它金额,其它限制,50元柯爱亚品牌商品券
MEIHUA(美华),满500减50,其它金额,其它限制,50元美华品牌商品券
Coilank(驰兴电感),满200减50,其它金额,其它限制,50元驰兴电感品牌商品券
FAUKU(高芯电子),满200减50,其它金额,其它限制,50元高芯电子品牌商品券
SUPSiC(国晶微半导体),满500减50,其它金额,其它限制,50元国晶微半导体品牌商品券
HONOR(荣誉),满200减50,其它金额,其它限制,50元荣誉品牌商品券
Econd(米朗电子),满200减50,其它金额,其它限制,50元米朗电子品牌商品券
HEERMICR(赫尔半导体),满200减50,其它金额,其它限制,50元赫尔半导体品牌商品券
ChengTao(诚韬),满200减50,其它金额,其它限制,50元诚韬品牌商品券
baocheng(宝乘),满200减50,其它金额,其它限制,50元宝乘品牌商品券
Hottech(合科泰),满500减50,其它金额,其它限制,50元合科泰品牌商品券
KTP(科泰普),满500减50,其它金额,其它限制,50元科泰普品牌商品券
TDSEMIC(拓电半导体),满500减50,其它金额,其它限制,50元拓电半导体品牌商品券
LX(连欣科技),满500减50,其它金额,其它限制,50元连欣科技品牌商品券
Ckmtw(灿科盟),满500减50,其它金额,其它限制,50元灿科盟品牌商品券
RUILON(瑞隆源),满500减50,其它金额,其它限制,50元瑞隆源品牌商品券
ElecSuper(静芯),满200减50,其它金额,其它限制,50元静芯品牌商品券
GUOCONN(国连),满500减50,其它金额,其它限制,50元国连品牌商品券
luJing(鲁晶),满500减50,其它金额,其它限制,50元鲁晶品牌商品券
DORABO(地博电气),满300减50,其它金额,其它限制,50元地博电气品牌商品券
JGHC(晶光华),满500减50,其它金额,其它限制,50元晶光华品牌商品券
GOSEMICON(顾邦半导体),满500减50,其它金额,其它限制,50元顾邦半导体品牌商品券
HanElectricity(瀚源),满500减40,其它金额,其它限制,40元瀚源品牌商品券
MK(米客方德),满1000减40,其它金额,其它限制,40元米客方德品牌商品券
LGE(鲁光),满100减35,其它金额,其它限制,35元鲁光品牌商品券
EVISUN(易成),满500减35,其它金额,其它限制,35元易成品牌商品券
YLPTEC(易川),满500减35,其它金额,其它限制,35元易川品牌商品券
TDD(台冠电子),满100减35,其它金额,其它限制,35元台冠电子品牌商品券
APSEMI(先进光),满100减30,其它金额,其它限制,30元先进光品牌商品券
HOAUC(华宇创),满300减30,其它金额,其它限制,30元华宇创品牌商品券
JIERR(捷而瑞),满200减30,其它金额,其它限制,30元捷而瑞品牌商品券
SILION(芯联创展),满300减30,其它金额,其它限制,30元芯联创展品牌商品券
JARSON(伽盛),满200减30,其它金额,其它限制,30元伽盛品牌商品券
Huixin(慧芯),满100减30,其它金额,其它限制,30元慧芯品牌商品券
Zhongdi(众迪),满300减30,其它金额,其它限制,30元众迪品牌商品券
Zhengxin(正芯),满300减30,其它金额,其它限制,30元正芯品牌商品券
ZHIDE(志得),满200减30,其它金额,其它限制,30元志得品牌商品券
HeYangTek(扬贺扬),满300减30,其它金额,其它限制,30元扬贺扬品牌商品券
CAZN(正成),满200减30,其它金额,其它限制,30元正成品牌商品券
MEGSINE(兆讯),满300减30,其它金额,其它限制,30元兆讯品牌商品券
cntitle(中戈泰斗),满200减30,其它金额,其它限制,30元中戈泰斗品牌商品券
KANGNEX(康奈克斯电气),满300减30,其它金额,其它限制,30元康奈克斯电气品牌商品券
AnBon(安邦),满200减30,其它金额,其它限制,30元安邦品牌商品券
PROD(谱罗德),满200减30,其它金额,其它限制,30元谱罗德品牌指定类目商品券
Leiditech(雷卯电子),满200减30,其它金额,其它限制,30元雷卯电子品牌商品券
ZE(增益),满200减30,其它金额,其它限制,30元增益品牌商品券
康深,满200减30,其它金额,其它限制,30元康深品牌商品券
Semiwell(矽门微),满200减30,其它金额,其它限制,30元矽门微品牌商品券
yezhan(业展),满200减30,其它金额,其它限制,30元业展品牌商品券
SPTECH(深圳质超),满300减30,其它金额,其它限制,30元深圳质超品牌商品券
CENKER(岑科),满100减30,其它金额,其它限制,30元岑科品牌商品券
LKWIC(瓴科微),满100减30,其它金额,其它限制,30元瓴科微品牌商品券
Siliup(矽普),满500减30,其它金额,其它限制,30元矽普品牌商品券
SHIKUES(时科),满200减30,其它金额,其它限制,30元时科品牌商品券
ABC(千如),满200减30,其它金额,其它限制,30元千如品牌商品券
hanxia(韩下),满200减30,其它金额,其它限制,30元韩下品牌商品券
XFCN(兴飞),满200减30,其它金额,其它限制,30元兴飞品牌商品券
Liown(里阳半导体),满200减30,其它金额,其它限制,30元里阳半导体品牌商品券
WXNSIC(国硅集成),满200减30,其它金额,其它限制,30元国硅集成品牌商品券
USAKRO(美韩),满200减30,其它金额,其它限制,30元美韩品牌商品券
SM Switch,满200减30,其它金额,其它限制,30元SM Switch品牌商品券
SHOU HAN(首韩),满500减30,其它金额,其它限制,30元首韩品牌商品券
FG(富港),满200减30,其它金额,其它限制,30元富港品牌商品券
SOREDE(索瑞达),满200减30,其它金额,其它限制,30元索瑞达品牌商品券
XCH(旭昌辉),满200减30,其它金额,其它限制,30元旭昌辉品牌商品券
YWF(宇文发),满200减30,其它金额,其它限制,30元宇文发品牌商品券
SOSET(索斯特),满200减30,其它金额,其它限制,30元索斯特品牌商品券
HCI(杭晶),满200减30,其它金额,其它限制,30元杭晶品牌商品券
NJGW(南京国微),满200减30,其它金额,其它限制,30元南京国微品牌商品券
EVERCOM(恒连),满200减30,其它金额,其它限制,30元恒连品牌商品券
YJX(雅晶鑫),满200减30,其它金额,其它限制,30元雅晶鑫品牌指定类目商品券
MetalLions(美铼),满200减30,其它金额,其它限制,30元美铼品牌商品券
LinkMems(聆麦声学),满200减30,其它金额,其它限制,30元聆麦声学品牌商品券
everanalog(申风),满200减30,其它金额,其它限制,30元申风品牌商品券
Yuandi(元迪),满300减30,其它金额,其它限制,30元元迪品牌商品券
LX(灵星芯微),满200减30,其它金额,其它限制,30元灵星芯微品牌商品券
XNRUSEMI(新锐),满300减30,其它金额,其它限制,30元新锐品牌商品券
Tudi(钍地半导体),满100减30,其它金额,其它限制,30元钍地半导体品牌商品券
HOOYA(皓宇电子),满50减25,其它金额,其它限制,25元皓宇电子品牌商品券
SAMZO(三佐),满100减25,其它金额,其它限制,25元三佐品牌商品券
Cmos(广东场效应半导体),满100减25,其它金额,其它限制,25元广东场效应半导体品牌商品券
LR(朗瑞),满50减25,其它金额,其它限制,25元朗瑞品牌商品券
JIERONG(捷容),满26减25,其它金额,其它限制,25元捷容品牌商品券
Truesemi(信安),满100减25,其它金额,其它限制,25元信安品牌商品券
HC(虹成电子),满21减20,满21减20,其它限制,20元虹成电子品牌商品券
JDTfuse(集电通),满21减20,满21减20,其它限制,20元集电通品牌商品券
HXY MOSFET(华轩阳电子),满21减20,满21减20,其它限制,20元华轩阳电子品牌商品券
EVISUN(易成),满21减20,满21减20,其它限制,20元易成品牌商品券
suntek(洺太电子),满100减20,其它金额,其它限制,20元洺太电子品牌商品券
Legion(六钧),满30减20,其它金额,其它限制,20元六钧品牌商品券
CBI(创基),满21减20,满21减20,品牌新人,<品牌新人>20元创基品牌商品券
kinghelm(金航标),满21减20,满21减20,商城新人,<商城新人>20元金航标品牌商品券
JLYE(晶力源),满21减20,满21减20,其它限制,20元晶力源品牌指定类目商品券
CX(长兴),满30减20,其它金额,其它限制,20元长兴品牌商品券
CAZN(正成),满21减20,满21减20,其它限制,20元正成品牌商品券
YWF(宇文发),满21减20,满21减20,其它限制,20元宇文发品牌商品券
皇捷,满100减20,其它金额,其它限制,20元皇捷品牌商品券
R+O(宏嘉诚),满21减20,满21减20,品牌新人,<品牌新人>20元宏嘉诚品牌商品券
JXTCONN(聚兴泰),满100减20,其它金额,其它限制,20元聚兴泰品牌商品券
XYECONN(辛译),满100减20,其它金额,其它限制,20元辛译品牌商品券
MK(米客方德),满21减20,满21减20,其它限制,20元米客方德品牌商品券
SUNLIGHT(光华),满100减20,其它金额,其它限制,20元光华品牌商品券
ReSine PS(瑞鑫),满100减20,其它金额,其它限制,20元瑞鑫品牌商品券
YLPTEC(易川),满21减20,满21减20,其它限制,20元易川品牌商品券
BNstar(比诺星),满21减20,满21减20,品牌新人,<品牌新人>20元比诺星品牌商品券
HYP(鸿源精密),满200减20,其它金额,其它限制,20元鸿源精密品牌商品券
LanTu Micro(蓝图微电),满100减20,其它金额,其它限制,20元蓝图微电品牌商品券
ZHHXDZ(海芯电子),满100减20,其它金额,其它限制,20元海芯电子品牌商品券
SHOU HAN(首韩),满21减20,满21减20,其它限制,20元首韩品牌商品券
SHETIME(高钺达),满100减20,其它金额,其它限制,20元高钺达品牌商品券
ZGWD(温达电子),满21减20,满21减20,品牌新人,<品牌新人>20元温达电子品牌商品券
minos(迈诺斯),满100减20,其它金额,其它限制,20元迈诺斯品牌商品券
SCTF(星通时频),满200减20,其它金额,其它限制,20元星通时频品牌商品券
DEALON(德艺隆),满200减20,其它金额,其它限制,20元德艺隆品牌商品券
LR(朗瑞),满21减20,满21减20,其它限制,20元朗瑞品牌商品券
MINTRON(明硕),满50减20,其它金额,其它限制,20元明硕品牌商品券
AGMSEMI(芯控源),满100减20,其它金额,其它限制,20元芯控源品牌商品券
,满1减6,其它金额,其它限制,运费券丨京东快递
,满11减10,其它金额,其它限制,工业品商品券
,满100减40,其它金额,其它限制,BOM首单现货券
,满0减30,其它金额,其它限制,面板定制无门槛券
ST(意法半导体),满10000减150,其它金额,其它限制,ST品牌商品券
TI(德州仪器),满10000减100,其它金额,其它限制,TI品牌商品券
ADI(亚德诺),满5000减200,其它金额,其它限制,ADI品牌商品券
ADI(亚德诺)/MAXIM(美信),满2000减80,其它金额,其它限制,美信品牌商品券
Nexperia(安世),满5000减100,其它金额,其它限制,100元安世品牌商品券
VISHAY(威世),满6000减180,其它金额,其它限制,180元威世品牌商品券
EVERLIGHT(亿光),满5000减100,其它金额,其它限制,100元亿光品牌商品券
Broadcom(博通),满6000减150,其它金额,其它限制,150元博通品牌商品券
ST(意法半导体),满50000减800,其它金额,其它限制,800元ST品牌商品券
GigaDevice(兆易创新),满30000减600,其它金额,其它限制,600元兆易创新品牌商品券
BOURNS,满5000减100,其它金额,其它限制,100元BOURNS品牌商品券
AISHI(艾华集团),满4000减100,其它金额,其它限制,100元艾华集团品牌商品券
MaxLinear(迈凌),满5000减120,其它金额,其它限制,120元迈凌品牌商品券
Rubycon(红宝石),满4000减100,其它金额,其它限制,100元红宝石品牌商品券
SHARP(夏普),满5000减100,其它金额,其它限制,100元夏普品牌商品券
HTC,满5000减100,其它金额,其它限制,100元HTC品牌商品券
FTDI(飞特帝亚),满10000减200,其它金额,其它限制,200元飞特帝亚品牌商品券
ROHM(罗姆),满5000减200,其它金额,其它限制,200元罗姆品牌商品券
Mini-Circuits,满5000减200,其它金额,其它限制,200元Mini-Circuits品牌商品券
Honeywell(霍尼韦尔),满10000减200,其它金额,其它限制,200元霍尼韦尔品牌商品券
SKYWORKS/SILICON LABS(芯科),满5000减100,其它金额,其它限制,100元芯科品牌商品券
KEMET(基美),满5000减150,其它金额,其它限制,150元基美品牌商品券
TAIYO YUDEN(太诱),满5000减150,其它金额,其它限制,150元太诱品牌商品券
Coilcraft(线艺),满5000减150,其它金额,其它限制,150元线艺品牌商品券
Nichicon(尼吉康),满5000减150,其它金额,其它限制,150元尼吉康品牌商品券
NCC(日本贵弥功),满5000减150,其它金额,其它限制,150元日本贵弥功品牌商品券
Seiko(精工),满5000减150,其它金额,其它限制,150元精工品牌商品券
PROTEK,满2000减50,其它金额,其它限制,50元PROTEK品牌商品券
KDS(大真空),满2000减50,其它金额,其它限制,50元大真空品牌商品券
pSemi(游隼半导体),满2000减50,其它金额,其它限制,50元游隼半导体品牌商品券
,满39减10,其它金额,其它限制,10元商品券 | 工业品
HC(虹成电子),满100减0,其它金额,其它限制,虹成电子品牌9折折扣券
BXCONN(宝讯),满1000减0,其它金额,其它限制,宝讯品牌9.3折折扣券
SXN(顺翔诺),满5000减618,其它金额,其它限制,618元顺翔诺品牌商品券
3PEAK(思瑞浦),满1000减200,其它金额,其它限制,200元思瑞浦品牌商品券
KANGNEX(康奈克斯电气),满1000减120,其它金额,其它限制,120元康奈克斯电气品牌商品券
YXC(扬兴晶振),满2000减120,其它金额,其它限制,120元扬兴晶振品牌商品券
HXY MOSFET(华轩阳电子),满1000减100,其它金额,其它限制,100元华轩阳电子品牌商品券
巴丁微,满1000减100,其它金额,其它限制,100元巴丁微品牌商品券
WF(伟烽),满1000减100,其它金额,其它限制,100元伟烽品牌商品券
康深,满1000减100,其它金额,其它限制,100元康深品牌商品券
ChengTao(诚韬),满1000减100,其它金额,其它限制,100元诚韬品牌商品券
UMaxconn(友贸),满1000减100,其它金额,其它限制,100元友贸品牌商品券
EVISUN(易成),满1000减80,其它金额,其它限制,80元易成品牌商品券
,满500减50,其它金额,其它限制,50元商品券 | 工业品
SRD(圣融达),满200减50,其它金额,其它限制,50元圣融达品牌商品券
3PEAK(思瑞浦),满100减50,其它金额,其它限制,50元思瑞浦品牌商品券
ROCPU Switches(台普),满200减50,其它金额,其它限制,50元台普品牌商品券
AnBon(安邦),满500减50,其它金额,其它限制,50元安邦品牌商品券
JARSON(伽盛),满200减50,其它金额,其它限制,50元伽盛品牌商品券
Leiditech(雷卯电子),满500减50,其它金额,其它限制,50元雷卯电子品牌商品券
PAKER(派克微),满300减50,其它金额,其它限制,50元派克微品牌商品券
,满200减30,其它金额,其它限制,30元商品券 | 工业品
YXC(扬兴晶振),满600减30,其它金额,其它限制,30元扬兴晶振品牌商品券
Sunltech(顺磁),满300减30,其它金额,其它限制,30元顺磁品牌商品券
BXCONN(宝讯),满200减30,其它金额,其它限制,30元宝讯品牌商品券
WF(伟烽),满200减30,其它金额,其它限制,30元伟烽品牌商品券
MK(米客方德),满200减30,其它金额,其它限制,30元米客方德品牌商品券
CTR(长泰尔电子),满26减25,其它金额,品牌新人,<品牌新人>25元长泰尔电子品牌商品券
kinghelm(金航标),满100减20,其它金额,其它限制,20元金航标品牌商品券
JMEconn(文章济美),满100减20,其它金额,其它限制,20元文章济美品牌商品券
Dersonic(德尔创),满100减20,其它金额,其它限制,20元德尔创品牌商品券
巴丁微,满16减15,满16减15,品牌新人,<品牌新人>15元巴丁微品牌商品券
KANGNEX(康奈克斯电气),满16减15,满16减15,其它限制,15元康奈克斯电气品牌商品券
kinghelm(金航标),满16减15,满16减15,商城新人,<商城新人>15元金航标品牌商品券
,满200减20,其它金额,其它限制,20元工业品运费券
,满100减10,其它金额,其它限制,10元工业品运费券
micsig(麦科信),满10000减1000,其它金额,其它限制,1000元麦科信品牌工业品券
micsig(麦科信),满5000减500,其它金额,其它限制,500元麦科信品牌工业品券
micsig(麦科信),满3000减300,其它金额,其它限制,300元麦科信品牌工业品券
CHAOCHUANG(超创),满3000减200,其它金额,其它限制,200元超创品牌工业品券
micsig(麦科信),满1000减100,其它金额,其它限制,100元麦科信品牌工业品券
Fjordsense(峡感),满1500减100,其它金额,其它限制,100元峡感品牌工业品券
MyAntenna(摩天射频),满1000减100,其它金额,其它限制,100元摩天射频品牌工业品券
VRK(威尔克),满500减80,其它金额,其它限制,80元威尔克品牌工业品券
,满2000减60,其它金额,其它限制,60元工业品商品券
HOAUC(华宇创),满500减60,其它金额,其它限制,60元华宇创品牌工业品券
JINGXINGTIANCI(净行天磁),满2000减60,其它金额,其它限制,60元净行天磁品牌工业品券
XHHD(新宏辉达),满500减50,其它金额,其它限制,50元新宏辉达品牌工业品券
AMASS(艾迈斯),满1000减50,其它金额,其它限制,50元艾迈斯品牌工业品券
JHT,满1000减50,其它金额,其它限制,50元JHT品牌工业品券
QUICK(快克),满1000减50,其它金额,其它限制,50元快克品牌工业品券
,满1000减30,其它金额,其它限制,30元工业品商品券
VRK(威尔克),满200减30,其它金额,其它限制,30元威尔克品牌工业品券
STEIPU(斯泰普),满1000减30,其它金额,其它限制,30元斯泰普品牌工业品券
YIZHI(逸致),满500减30,其它金额,其它限制,30元逸致品牌工业品券
JXTCONN(聚兴泰),满300减30,其它金额,其它限制,30元聚兴泰品牌工业品券
JINGXINGTIANCI(净行天磁),满1000减30,其它金额,其它限制,30元净行天磁品牌工业品券
SDTRUVAL(信德),满200减30,其它金额,其它限制,30元信德品牌工业品券
MK(米客方德),满1000减30,其它金额,其它限制,30元米客方德品牌工业品券
Recci(锐思),满300减25,其它金额,其它限制,25元锐思品牌工业品券
,满200减20,其它金额,其它限制,20元工业品商品券
YARUN(亚润),满200减20,其它金额,其它限制,20元亚润品牌工业品券
canfeng(灿峰),满200减20,其它金额,其它限制,20元灿峰品牌工业品券
YUFENG(裕峰),满200减20,其它金额,其它限制,20元裕峰品牌工业品券
N-tech(新源鑫),满200减20,其它金额,其它限制,20元新源鑫品牌工业品券
BEIXUNZE(贝迅泽),满100减20,其它金额,其它限制,20元贝迅泽品牌工业品券
MK(米客方德),满100减20,其它金额,其它限制,20元米客方德品牌工业品券
,满500减15,其它金额,其它限制,15元工业品商品券
伊万视波,满100减15,其它金额,其它限制,15元伊万视波品牌工业品券
STEIPU(斯泰普),满16减15,满16减15,品牌新人,<品牌新人>15元斯泰普品牌工业品券
BZXC(博众新材),满16减15,满16减15,品牌新人,<品牌新人>15元博众新材品牌工业品券
yiyuanxny(广东怡远),满16减15,满16减15,品牌新人,<品牌新人>15元广东怡远品牌工业品券
XMXW(芯网),满16减15,满16减15,品牌新人,<品牌新人>15元芯网品牌工业品券
canfeng(灿峰),满16减15,满16减15,其它限制,15元灿峰品牌工业品券
YIZHI(逸致),满16减15,满16减15,其它限制,15元逸致品牌工业品券
JXTCONN(聚兴泰),满16减15,满16减15,其它限制,15元聚兴泰品牌工业品券
HOAUC(华宇创),满16减15,满16减15,其它限制,15元华宇创品牌工业品券
MYOUNG(美阳),满20减15,其它金额,其它限制,15元美阳品牌工业品券
JINGXINGTIANCI(净行天磁),满500减15,其它金额,其它限制,15元净行天磁品牌工业品券
JINGXINGTIANCI(净行天磁),满500减15,其它金额,其它限制,15元净行天磁品牌工业品券
YUFENG(裕峰),满16减15,满16减15,其它限制,15元裕峰品牌工业品券
MyAntenna(摩天射频),满16减15,满16减15,品牌新人,<品牌新人>15元摩天射频品牌工业品券
SDTRUVAL(信德),满16减15,满16减15,其它限制,15元信德品牌工业品券
BASTO(邦士度),满16减15,满16减15,品牌新人,<品牌新人>15元邦士度品牌工业品券
VRK(威尔克),满100减12,其它金额,其它限制,12元威尔克品牌工业品券
,满200减10,其它金额,其它限制,10元工业品商品券
,满50减10,其它金额,其它限制,10元工业品商品券
micsig(麦科信),满11减10,其它金额,其它限制,10元麦科信品牌工业品券
HUIYA(汇亚),满100减10,其它金额,其它限制,10元汇亚品牌工业品券
dytape,满100减10,其它金额,其它限制,10元dytape品牌工业品券
伊万视波,满11减10,其它金额,其它限制,10元伊万视波品牌工业品券
e+erne(伊万仪通),满100减10,其它金额,其它限制,10元伊万仪通品牌工业品券
NDST(诺德斯特),满100减10,其它金额,其它限制,10元诺德斯特品牌工业品券
YARUN(亚润),满100减10,其它金额,其它限制,10元亚润品牌工业品券
FLYOUNG(远阳),满30减10,其它金额,其它限制,10元远阳品牌工业品券
CHAOCHUANG(超创),满30减10,其它金额,其它限制,10元超创品牌工业品券
Omnergy(力佳),满15减10,其它金额,其它限制,10元力佳品牌工业品券
N-tech(新源鑫),满11减10,其它金额,品牌新人,<品牌新人>10元新源鑫品牌工业品券
BEIXUNZE(贝迅泽),满11减10,其它金额,品牌新人,<品牌新人>10元贝迅泽品牌工业品券
Z-TEK(力特),满100减10,其它金额,其它限制,10元力特品牌工业品券
JINGXINGTIANCI(净行天磁),满10减9,其它金额,其它限制,9元净行天磁品牌工业品券
NDST(诺德斯特),满50减8,其它金额,其它限制,8元诺德斯特品牌工业品券
XHHD(新宏辉达),满10减6,其它金额,其它限制,6元新宏辉达品牌工业品券
canfeng(灿峰),满10减6,其它金额,其它限制,6元灿峰品牌工业品券
YUFENG(裕峰),满10减6,其它金额,其它限制,6元裕峰品牌工业品券
VRK(威尔克),满10减5,其它金额,其它限制,5元威尔克品牌工业品券
VRK(威尔克),满50减5,其它金额,其它限制,5元威尔克品牌工业品券
HUIYA(汇亚),满30减5,其它金额,其它限制,5元汇亚品牌工业品券
UOWO(优沃),满30减5,其它金额,其它限制,5元优沃品牌工业品券
dytape,满50减5,其它金额,其它限制,10元dytape品牌工业品券
NDST(诺德斯特),满30减5,其它金额,其它限制,5元诺德斯特品牌工业品券
STEIPU(斯泰普),满50减5,其它金额,其它限制,5元斯泰普品牌工业品券
BZXC(博众新材),满50减5,其它金额,其它限制,5元博众新材品牌工业品券
yiyuanxny(广东怡远),满50减5,其它金额,其它限制,5元广东怡远品牌工业品券
YIYUAN(怡远),满50减5,其它金额,其它限制,5元怡远品牌工业品券
JHT,满100减5,其它金额,其它限制,5元JHT品牌工业品券
BZXC(博众新材),满10减3,其它金额,其它限制,15元博众新材品牌工业品券
yiyuanxny(广东怡远),满10减3,其它金额,其它限制,3元广东怡远品牌工业品券
YIYUAN(怡远),满10减3,其它金额,其它限制,3元怡远品牌工业品券
健策,满27减1,其它金额,其它限制,1元健策品牌工业品券
,满0减30,其它金额,其它限制,30元面板定制新人专享优惠券
,满1000减30,其它金额,其它限制,30元面板定制商品券
,满3000减70,其它金额,其它限制,70元面板定制商品券
,满5000减200,其它金额,其它限制,200元面板定制商品券
,满1000减30,其它金额,其它限制,30元面板定制运费券
,满2000减70,其它金额,其它限制,70元面板定制运费券
,满3000减100,其它金额,其它限制,100元面板定制运费券
,满8000减300,其它金额,其它限制,300元面板定制商品券
,满5000减130,其它金额,其它限制,130元面板定制运费券
,满8000减150,其它金额,其它限制,150元面板定制运费券
,满10000减200,其它金额,其它限制,200元面板定制运费券
,满0减70,其它金额,其它限制,6月~ 8月面板免费打样券
,满0.01减7,其它金额,其它限制,7元天天团运费券丨仅移动端可用
,满20000减200,其它金额,其它限制,<PLUS神券>200元全品类券
,满8000减100,其它金额,其它限制,<PLUS神券>100元全品类券
,满3000减60,其它金额,其它限制,<PLUS神券>60元全品类券
MDD(辰达半导体),满1减0,其它金额,其它限制,<MDD>9.5折PLUS专属券
cjiang(长江微电),满1减0,其它金额,其它限制,<长江微电>9.5折PLUS专属券
XUNDA(讯答),满21减20,满21减20,其它限制,<讯答>20元PLUS专属券
CAZN(正成),满1减0,其它金额,其它限制,<正成>9.5折PLUS专属券
HANBO(汉博),满1减0,其它金额,其它限制,<汉博>9.5折PLUS专属券
SXN(顺翔诺),满1减0,其它金额,其它限制,<顺翔诺>9.5折PLUS专属券
HI-LINK(海凌科),满300减30,其它金额,其它限制,<海凌科>30元PLUS专属券
XUNPU(讯普),满300减30,其它金额,其它限制,<讯普>30元PLUS专属券
Hengtuo(恒拓电子),满21减20,满21减20,其它限制,<恒拓电子>20元PLUS专属券
